season,week,player,team,weekly_yards,cumulative_yards
2025,1,Aaron Rodgers,PIT,244,244
2025,2,Aaron Rodgers,PIT,203,447
2025,3,Aaron Rodgers,PIT,139,586
2025,4,Aaron Rodgers,PIT,200,786
2025,6,Aaron Rodgers,PIT,235,1021
2025,7,Aaron Rodgers,PIT,249,1270
2025,8,Aaron Rodgers,PIT,219,1489
2025,9,Aaron Rodgers,PIT,203,1692
2025,10,Aaron Rodgers,PIT,161,1853
2025,11,Aaron Rodgers,PIT,116,1969
2025,13,Aaron Rodgers,PIT,117,2086
2025,14,Aaron Rodgers,PIT,284,2370
2025,15,Aaron Rodgers,PIT,224,2594
2025,16,Aaron Rodgers,PIT,266,2860
2025,17,Aaron Rodgers,PIT,168,3028
2025,18,Aaron Rodgers,PIT,294,3322
2025,18,Aidan O'Connell,LV,102,102
2025,4,Andy Dalton,CAR,58,58
2025,7,Andy Dalton,CAR,60,118
2025,8,Andy Dalton,CAR,175,293
2025,5,Anthony Richardson,IND,9,9
2025,17,Austin McNamara,NYJ,3,3
2025,1,Baker Mayfield,TB,167,167
2025,2,Baker Mayfield,TB,215,382
2025,3,Baker Mayfield,TB,233,615
2025,4,Baker Mayfield,TB,289,904
2025,5,Baker Mayfield,TB,379,1283
2025,6,Baker Mayfield,TB,256,1539
2025,7,Baker Mayfield,TB,228,1767
2025,8,Baker Mayfield,TB,152,1919
2025,10,Baker Mayfield,TB,273,2192
2025,11,Baker Mayfield,TB,173,2365
2025,12,Baker Mayfield,TB,41,2406
2025,13,Baker Mayfield,TB,194,2600
2025,14,Baker Mayfield,TB,122,2722
2025,15,Baker Mayfield,TB,277,2999
2025,16,Baker Mayfield,TB,145,3144
2025,17,Baker Mayfield,TB,346,3490
2025,18,Baker Mayfield,TB,203,3693
2025,1,Bo Nix,DEN,176,176
2025,2,Bo Nix,DEN,206,382
2025,3,Bo Nix,DEN,153,535
2025,4,Bo Nix,DEN,326,861
2025,5,Bo Nix,DEN,242,1103
2025,6,Bo Nix,DEN,174,1277
2025,7,Bo Nix,DEN,279,1556
2025,8,Bo Nix,DEN,247,1803
2025,9,Bo Nix,DEN,173,1976
2025,10,Bo Nix,DEN,150,2126
2025,11,Bo Nix,DEN,295,2421
2025,13,Bo Nix,DEN,321,2742
2025,14,Bo Nix,DEN,212,2954
2025,15,Bo Nix,DEN,302,3256
2025,16,Bo Nix,DEN,352,3608
2025,17,Bo Nix,DEN,182,3790
2025,18,Bo Nix,DEN,141,3931
2025,14,Brady Cook,NYJ,163,163
2025,15,Brady Cook,NYJ,176,339
2025,16,Brady Cook,NYJ,188,527
2025,17,Brady Cook,NYJ,152,679
2025,18,Brady Cook,NYJ,60,739
2025,18,Brandon Allen,TEN,72,72
2025,8,Breece Hall,NYJ,4,4
2025,1,Brock Purdy,SF,277,277
2025,4,Brock Purdy,SF,309,586
2025,11,Brock Purdy,SF,200,786
2025,12,Brock Purdy,SF,193,979
2025,13,Brock Purdy,SF,168,1147
2025,15,Brock Purdy,SF,295,1442
2025,16,Brock Purdy,SF,295,1737
2025,17,Brock Purdy,SF,303,2040
2025,18,Brock Purdy,SF,127,2167
2025,1,Bryce Young,CAR,154,154
2025,2,Bryce Young,CAR,328,482
2025,3,Bryce Young,CAR,121,603
2025,4,Bryce Young,CAR,150,753
2025,5,Bryce Young,CAR,198,951
2025,6,Bryce Young,CAR,199,1150
2025,7,Bryce Young,CAR,138,1288
2025,9,Bryce Young,CAR,102,1390
2025,10,Bryce Young,CAR,124,1514
2025,11,Bryce Young,CAR,448,1962
2025,12,Bryce Young,CAR,169,2131
2025,13,Bryce Young,CAR,206,2337
2025,15,Bryce Young,CAR,163,2500
2025,16,Bryce Young,CAR,191,2691
2025,17,Bryce Young,CAR,54,2745
2025,18,Bryce Young,CAR,266,3011
2025,1,C.J. Stroud,HOU,188,188
2025,2,C.J. Stroud,HOU,207,395
2025,3,C.J. Stroud,HOU,204,599
2025,4,C.J. Stroud,HOU,233,832
2025,5,C.J. Stroud,HOU,244,1076
2025,7,C.J. Stroud,HOU,229,1305
2025,8,C.J. Stroud,HOU,318,1623
2025,9,C.J. Stroud,HOU,79,1702
2025,13,C.J. Stroud,HOU,276,1978
2025,14,C.J. Stroud,HOU,203,2181
2025,15,C.J. Stroud,HOU,260,2441
2025,16,C.J. Stroud,HOU,187,2628
2025,17,C.J. Stroud,HOU,244,2872
2025,18,C.J. Stroud,HOU,169,3041
2025,1,Caleb Williams,CHI,210,210
2025,2,Caleb Williams,CHI,207,417
2025,3,Caleb Williams,CHI,298,715
2025,4,Caleb Williams,CHI,212,927
2025,6,Caleb Williams,CHI,252,1179
2025,7,Caleb Williams,CHI,172,1351
2025,8,Caleb Williams,CHI,285,1636
2025,9,Caleb Williams,CHI,280,1916
2025,10,Caleb Williams,CHI,220,2136
2025,11,Caleb Williams,CHI,193,2329
2025,12,Caleb Williams,CHI,239,2568
2025,13,Caleb Williams,CHI,154,2722
2025,14,Caleb Williams,CHI,186,2908
2025,15,Caleb Williams,CHI,242,3150
2025,16,Caleb Williams,CHI,250,3400
2025,17,Caleb Williams,CHI,330,3730
2025,18,Caleb Williams,CHI,212,3942
2025,5,Cam Akers,MIN,32,32
2025,1,Cam Ward,TEN,112,112
2025,2,Cam Ward,TEN,175,287
2025,3,Cam Ward,TEN,219,506
2025,4,Cam Ward,TEN,108,614
2025,5,Cam Ward,TEN,265,879
2025,6,Cam Ward,TEN,222,1101
2025,7,Cam Ward,TEN,255,1356
2025,8,Cam Ward,TEN,259,1615
2025,9,Cam Ward,TEN,145,1760
2025,11,Cam Ward,TEN,194,1954
2025,12,Cam Ward,TEN,256,2210
2025,13,Cam Ward,TEN,141,2351
2025,14,Cam Ward,TEN,117,2468
2025,15,Cam Ward,TEN,170,2638
2025,16,Cam Ward,TEN,228,2866
2025,17,Cam Ward,TEN,251,3117
2025,18,Cam Ward,TEN,52,3169
2025,3,Carson Wentz,MIN,173,173
2025,4,Carson Wentz,MIN,350,523
2025,5,Carson Wentz,MIN,236,759
2025,7,Carson Wentz,MIN,313,1072
2025,8,Carson Wentz,MIN,144,1216
2025,16,Chris Oladokun,KC,111,111
2025,17,Chris Oladokun,KC,66,177
2025,18,Chris Oladokun,KC,58,235
2025,17,Clayton Tune,GB,8,8
2025,18,Clayton Tune,GB,34,42
2025,4,Cooper Rush,BAL,52,52
2025,5,Cooper Rush,BAL,179,231
2025,6,Cooper Rush,BAL,72,303
2025,9,DJ Moore,CHI,2,2
2025,1,Dak Prescott,DAL,188,188
2025,2,Dak Prescott,DAL,361,549
2025,3,Dak Prescott,DAL,251,800
2025,4,Dak Prescott,DAL,319,1119
2025,5,Dak Prescott,DAL,237,1356
2025,6,Dak Prescott,DAL,261,1617
2025,7,Dak Prescott,DAL,264,1881
2025,8,Dak Prescott,DAL,188,2069
2025,9,Dak Prescott,DAL,250,2319
2025,11,Dak Prescott,DAL,268,2587
2025,12,Dak Prescott,DAL,354,2941
2025,13,Dak Prescott,DAL,320,3261
2025,14,Dak Prescott,DAL,376,3637
2025,15,Dak Prescott,DAL,294,3931
2025,16,Dak Prescott,DAL,244,4175
2025,17,Dak Prescott,DAL,307,4482
2025,18,Dak Prescott,DAL,70,4552
2025,1,Daniel Jones,IND,272,272
2025,2,Daniel Jones,IND,316,588
2025,3,Daniel Jones,IND,228,816
2025,4,Daniel Jones,IND,262,1078
2025,5,Daniel Jones,IND,212,1290
2025,6,Daniel Jones,IND,212,1502
2025,7,Daniel Jones,IND,288,1790
2025,8,Daniel Jones,IND,272,2062
2025,9,Daniel Jones,IND,342,2404
2025,10,Daniel Jones,IND,255,2659
2025,12,Daniel Jones,IND,181,2840
2025,13,Daniel Jones,IND,201,3041
2025,14,Daniel Jones,IND,60,3101
2025,5,David Montgomery,DET,3,3
2025,5,Davis Mills,HOU,23,23
2025,9,Davis Mills,HOU,137,160
2025,10,Davis Mills,HOU,292,452
2025,11,Davis Mills,HOU,274,726
2025,12,Davis Mills,HOU,153,879
2025,18,Davis Mills,HOU,36,915
2025,2,Dillon Gabriel,CLE,19,19
2025,5,Dillon Gabriel,CLE,190,209
2025,6,Dillon Gabriel,CLE,221,430
2025,7,Dillon Gabriel,CLE,116,546
2025,8,Dillon Gabriel,CLE,156,702
2025,10,Dillon Gabriel,CLE,167,869
2025,11,Dillon Gabriel,CLE,68,937
2025,1,Drake Maye,NE,287,287
2025,2,Drake Maye,NE,230,517
2025,3,Drake Maye,NE,268,785
2025,4,Drake Maye,NE,203,988
2025,5,Drake Maye,NE,273,1261
2025,6,Drake Maye,NE,261,1522
2025,7,Drake Maye,NE,222,1744
2025,8,Drake Maye,NE,282,2026
2025,9,Drake Maye,NE,259,2285
2025,10,Drake Maye,NE,270,2555
2025,11,Drake Maye,NE,281,2836
2025,12,Drake Maye,NE,294,3130
2025,13,Drake Maye,NE,282,3412
2025,15,Drake Maye,NE,155,3567
2025,16,Drake Maye,NE,380,3947
2025,17,Drake Maye,NE,256,4203
2025,18,Drake Maye,NE,191,4394
2025,3,Drew Lock,SEA,15,15
2025,15,Gardner Minshew,KC,22,22
2025,16,Gardner Minshew,KC,15,37
2025,1,Geno Smith,LV,362,362
2025,2,Geno Smith,LV,180,542
2025,3,Geno Smith,LV,289,831
2025,4,Geno Smith,LV,117,948
2025,5,Geno Smith,LV,228,1176
2025,6,Geno Smith,LV,174,1350
2025,7,Geno Smith,LV,67,1417
2025,9,Geno Smith,LV,284,1701
2025,10,Geno Smith,LV,143,1844
2025,11,Geno Smith,LV,238,2082
2025,12,Geno Smith,LV,285,2367
2025,13,Geno Smith,LV,165,2532
2025,14,Geno Smith,LV,116,2648
2025,16,Geno Smith,LV,201,2849
2025,17,Geno Smith,LV,176,3025
2025,12,Gunner Olszewski,NYG,33,33
2025,1,J.J. McCarthy,MIN,143,143
2025,2,J.J. McCarthy,MIN,158,301
2025,9,J.J. McCarthy,MIN,143,444
2025,10,J.J. McCarthy,MIN,248,692
2025,11,J.J. McCarthy,MIN,150,842
2025,12,J.J. McCarthy,MIN,87,929
2025,14,J.J. McCarthy,MIN,163,1092
2025,15,J.J. McCarthy,MIN,250,1342
2025,16,J.J. McCarthy,MIN,108,1450
2025,18,J.J. McCarthy,MIN,182,1632
2025,6,Jacoby Brissett,ARI,320,320
2025,7,Jacoby Brissett,ARI,279,599
2025,9,Jacoby Brissett,ARI,261,860
2025,10,Jacoby Brissett,ARI,258,1118
2025,11,Jacoby Brissett,ARI,452,1570
2025,12,Jacoby Brissett,ARI,317,1887
2025,13,Jacoby Brissett,ARI,301,2188
2025,14,Jacoby Brissett,ARI,271,2459
2025,15,Jacoby Brissett,ARI,249,2708
2025,16,Jacoby Brissett,ARI,203,2911
2025,17,Jacoby Brissett,ARI,212,3123
2025,18,Jacoby Brissett,ARI,243,3366
2025,2,Jake Browning,CIN,241,241
2025,3,Jake Browning,CIN,140,381
2025,4,Jake Browning,CIN,125,506
2025,5,Jake Browning,CIN,251,757
2025,12,Jake Browning,CIN,14,771
2025,1,Jalen Hurts,PHI,152,152
2025,2,Jalen Hurts,PHI,101,253
2025,3,Jalen Hurts,PHI,226,479
2025,4,Jalen Hurts,PHI,130,609
2025,5,Jalen Hurts,PHI,280,889
2025,6,Jalen Hurts,PHI,283,1172
2025,7,Jalen Hurts,PHI,326,1498
2025,8,Jalen Hurts,PHI,179,1677
2025,10,Jalen Hurts,PHI,183,1860
2025,11,Jalen Hurts,PHI,135,1995
2025,12,Jalen Hurts,PHI,289,2284
2025,13,Jalen Hurts,PHI,230,2514
2025,14,Jalen Hurts,PHI,240,2754
2025,15,Jalen Hurts,PHI,175,2929
2025,16,Jalen Hurts,PHI,185,3114
2025,17,Jalen Hurts,PHI,110,3224
2025,11,Jameis Winston,NYG,201,201
2025,12,Jameis Winston,NYG,366,567
2025,1,Jared Goff,DET,225,225
2025,2,Jared Goff,DET,334,559
2025,3,Jared Goff,DET,202,761
2025,4,Jared Goff,DET,168,929
2025,5,Jared Goff,DET,258,1187
2025,6,Jared Goff,DET,203,1390
2025,7,Jared Goff,DET,241,1631
2025,9,Jared Goff,DET,284,1915
2025,10,Jared Goff,DET,320,2235
2025,11,Jared Goff,DET,255,2490
2025,12,Jared Goff,DET,279,2769
2025,13,Jared Goff,DET,256,3025
2025,14,Jared Goff,DET,309,3334
2025,15,Jared Goff,DET,338,3672
2025,16,Jared Goff,DET,364,4036
2025,17,Jared Goff,DET,197,4233
2025,18,Jared Goff,DET,331,4564
2025,4,Jaxson Dart,NYG,111,111
2025,5,Jaxson Dart,NYG,202,313
2025,6,Jaxson Dart,NYG,195,508
2025,7,Jaxson Dart,NYG,283,791
2025,8,Jaxson Dart,NYG,193,984
2025,9,Jaxson Dart,NYG,191,1175
2025,10,Jaxson Dart,NYG,242,1417
2025,13,Jaxson Dart,NYG,139,1556
2025,15,Jaxson Dart,NYG,246,1802
2025,16,Jaxson Dart,NYG,33,1835
2025,17,Jaxson Dart,NYG,207,2042
2025,18,Jaxson Dart,NYG,230,2272
2025,1,Jayden Daniels,WAS,233,233
2025,2,Jayden Daniels,WAS,200,433
2025,5,Jayden Daniels,WAS,231,664
2025,6,Jayden Daniels,WAS,211,875
2025,7,Jayden Daniels,WAS,156,1031
2025,9,Jayden Daniels,WAS,153,1184
2025,14,Jayden Daniels,WAS,78,1262
2025,6,Jaylen Waddle,MIA,8,8
2025,1,Joe Burrow,CIN,113,113
2025,2,Joe Burrow,CIN,76,189
2025,13,Joe Burrow,CIN,261,450
2025,14,Joe Burrow,CIN,284,734
2025,15,Joe Burrow,CIN,225,959
2025,16,Joe Burrow,CIN,309,1268
2025,17,Joe Burrow,CIN,305,1573
2025,18,Joe Burrow,CIN,236,1809
2025,1,Joe Flacco,CLE,290,290
2025,2,Joe Flacco,CLE,199,489
2025,3,Joe Flacco,CLE,142,631
2025,4,Joe Flacco,CLE,184,815
2025,6,Joe Flacco,CIN,219,1034
2025,7,Joe Flacco,CIN,342,1376
2025,8,Joe Flacco,CIN,223,1599
2025,9,Joe Flacco,CIN,470,2069
2025,11,Joe Flacco,CIN,199,2268
2025,12,Joe Flacco,CIN,183,2451
2025,16,Joe Flacco,CIN,4,2455
2025,17,Joe Flacco,CIN,24,2479
2025,3,Joe Milton III,DAL,41,41
2025,8,Joe Milton III,DAL,58,99
2025,16,Joe Milton III,DAL,11,110
2025,18,Joe Milton III,DAL,73,183
2025,1,Jordan Love,GB,188,188
2025,2,Jordan Love,GB,292,480
2025,3,Jordan Love,GB,183,663
2025,4,Jordan Love,GB,337,1000
2025,6,Jordan Love,GB,259,1259
2025,7,Jordan Love,GB,179,1438
2025,8,Jordan Love,GB,360,1798
2025,9,Jordan Love,GB,273,2071
2025,10,Jordan Love,GB,176,2247
2025,11,Jordan Love,GB,174,2421
2025,12,Jordan Love,GB,139,2560
2025,13,Jordan Love,GB,234,2794
2025,14,Jordan Love,GB,234,3028
2025,15,Jordan Love,GB,276,3304
2025,16,Jordan Love,GB,77,3381
2025,1,Josh Allen,BUF,394,394
2025,2,Josh Allen,BUF,148,542
2025,3,Josh Allen,BUF,213,755
2025,4,Josh Allen,BUF,209,964
2025,5,Josh Allen,BUF,253,1217
2025,6,Josh Allen,BUF,180,1397
2025,8,Josh Allen,BUF,163,1560
2025,9,Josh Allen,BUF,273,1833
2025,10,Josh Allen,BUF,306,2139
2025,11,Josh Allen,BUF,317,2456
2025,12,Josh Allen,BUF,253,2709
2025,13,Josh Allen,BUF,123,2832
2025,14,Josh Allen,BUF,251,3083
2025,15,Josh Allen,BUF,193,3276
2025,16,Josh Allen,BUF,130,3406
2025,17,Josh Allen,BUF,262,3668
2025,16,Josh Johnson,WAS,43,43
2025,17,Josh Johnson,WAS,198,241
2025,18,Josh Johnson,WAS,131,372
2025,7,Joshua Dobbs,NE,12,12
2025,17,Joshua Dobbs,NE,30,42
2025,18,Joshua Dobbs,NE,23,65
2025,1,Justin Fields,NYJ,218,218
2025,2,Justin Fields,NYJ,27,245
2025,4,Justin Fields,NYJ,226,471
2025,5,Justin Fields,NYJ,283,754
2025,6,Justin Fields,NYJ,45,799
2025,7,Justin Fields,NYJ,46,845
2025,8,Justin Fields,NYJ,244,1089
2025,10,Justin Fields,NYJ,54,1143
2025,11,Justin Fields,NYJ,116,1259
2025,1,Justin Herbert,LAC,318,318
2025,2,Justin Herbert,LAC,242,560
2025,3,Justin Herbert,LAC,300,860
2025,4,Justin Herbert,LAC,203,1063
2025,5,Justin Herbert,LAC,166,1229
2025,6,Justin Herbert,LAC,264,1493
2025,7,Justin Herbert,LAC,420,1913
2025,8,Justin Herbert,LAC,227,2140
2025,9,Justin Herbert,LAC,250,2390
2025,10,Justin Herbert,LAC,220,2610
2025,11,Justin Herbert,LAC,81,2691
2025,13,Justin Herbert,LAC,151,2842
2025,14,Justin Herbert,LAC,139,2981
2025,15,Justin Herbert,LAC,210,3191
2025,16,Justin Herbert,LAC,300,3491
2025,17,Justin Herbert,LAC,236,3727
2025,7,Kenny Pickett,LV,8,8
2025,14,Kenny Pickett,LV,97,105
2025,15,Kenny Pickett,LV,64,169
2025,17,Kenny Pickett,LV,16,185
2025,18,Kenny Pickett,LV,3,188
2025,3,Kirk Cousins,ATL,29,29
2025,8,Kirk Cousins,ATL,173,202
2025,11,Kirk Cousins,ATL,48,250
2025,12,Kirk Cousins,ATL,199,449
2025,13,Kirk Cousins,ATL,234,683
2025,14,Kirk Cousins,ATL,162,845
2025,15,Kirk Cousins,ATL,373,1218
2025,16,Kirk Cousins,ATL,197,1415
2025,17,Kirk Cousins,ATL,126,1541
2025,18,Kirk Cousins,ATL,180,1721
2025,1,Kyler Murray,ARI,163,163
2025,2,Kyler Murray,ARI,220,383
2025,3,Kyler Murray,ARI,159,542
2025,4,Kyler Murray,ARI,200,742
2025,5,Kyler Murray,ARI,220,962
2025,1,Lamar Jackson,BAL,209,209
2025,2,Lamar Jackson,BAL,225,434
2025,3,Lamar Jackson,BAL,288,722
2025,4,Lamar Jackson,BAL,147,869
2025,9,Lamar Jackson,BAL,204,1073
2025,10,Lamar Jackson,BAL,176,1249
2025,11,Lamar Jackson,BAL,193,1442
2025,12,Lamar Jackson,BAL,153,1595
2025,13,Lamar Jackson,BAL,246,1841
2025,14,Lamar Jackson,BAL,219,2060
2025,15,Lamar Jackson,BAL,150,2210
2025,16,Lamar Jackson,BAL,101,2311
2025,18,Lamar Jackson,BAL,238,2549
2025,2,Mac Jones,SF,279,279
2025,3,Mac Jones,SF,284,563
2025,5,Mac Jones,SF,342,905
2025,6,Mac Jones,SF,347,1252
2025,7,Mac Jones,SF,152,1404
2025,8,Mac Jones,SF,193,1597
2025,9,Mac Jones,SF,235,1832
2025,10,Mac Jones,SF,319,2151
2025,11,Malik Willis,GB,6,6
2025,12,Malik Willis,GB,7,13
2025,16,Malik Willis,GB,121,134
2025,17,Malik Willis,GB,288,422
2025,3,Marcus Mariota,WAS,207,207
2025,4,Marcus Mariota,WAS,156,363
2025,7,Marcus Mariota,WAS,63,426
2025,8,Marcus Mariota,WAS,213,639
2025,10,Marcus Mariota,WAS,213,852
2025,11,Marcus Mariota,WAS,213,1065
2025,13,Marcus Mariota,WAS,294,1359
2025,14,Marcus Mariota,WAS,30,1389
2025,15,Marcus Mariota,WAS,211,1600
2025,16,Marcus Mariota,WAS,95,1695
2025,2,Mason Rudolph,PIT,12,12
2025,11,Mason Rudolph,PIT,127,139
2025,12,Mason Rudolph,PIT,171,310
2025,18,Matt Haack,ARI,28,28
2025,1,Matthew Stafford,LA,245,245
2025,2,Matthew Stafford,LA,298,543
2025,3,Matthew Stafford,LA,196,739
2025,4,Matthew Stafford,LA,375,1114
2025,5,Matthew Stafford,LA,389,1503
2025,6,Matthew Stafford,LA,181,1684
2025,7,Matthew Stafford,LA,182,1866
2025,9,Matthew Stafford,LA,281,2147
2025,10,Matthew Stafford,LA,280,2427
2025,11,Matthew Stafford,LA,130,2557
2025,12,Matthew Stafford,LA,273,2830
2025,13,Matthew Stafford,LA,243,3073
2025,14,Matthew Stafford,LA,281,3354
2025,15,Matthew Stafford,LA,368,3722
2025,16,Matthew Stafford,LA,457,4179
2025,17,Matthew Stafford,LA,269,4448
2025,18,Matthew Stafford,LA,259,4707
2025,3,Max Brosmer,MIN,29,29
2025,8,Max Brosmer,MIN,13,42
2025,13,Max Brosmer,MIN,126,168
2025,16,Max Brosmer,MIN,52,220
2025,17,Max Brosmer,MIN,51,271
2025,18,Max Brosmer,MIN,57,328
2025,1,Michael Penix Jr.,ATL,298,298
2025,2,Michael Penix Jr.,ATL,135,433
2025,3,Michael Penix Jr.,ATL,172,605
2025,4,Michael Penix Jr.,ATL,313,918
2025,6,Michael Penix Jr.,ATL,250,1168
2025,7,Michael Penix Jr.,ATL,241,1409
2025,9,Michael Penix Jr.,ATL,221,1630
2025,10,Michael Penix Jr.,ATL,177,1807
2025,11,Michael Penix Jr.,ATL,175,1982
2025,2,Mitchell Trubisky,BUF,32,32
2025,8,Mitchell Trubisky,BUF,22,54
2025,18,Mitchell Trubisky,BUF,259,313
2025,14,Nick Mullens,JAX,3,3
2025,18,Nick Mullens,JAX,16,19
2025,1,Patrick Mahomes,KC,258,258
2025,2,Patrick Mahomes,KC,187,445
2025,3,Patrick Mahomes,KC,224,669
2025,4,Patrick Mahomes,KC,270,939
2025,5,Patrick Mahomes,KC,318,1257
2025,6,Patrick Mahomes,KC,257,1514
2025,7,Patrick Mahomes,KC,286,1800
2025,8,Patrick Mahomes,KC,299,2099
2025,9,Patrick Mahomes,KC,250,2349
2025,11,Patrick Mahomes,KC,276,2625
2025,12,Patrick Mahomes,KC,352,2977
2025,13,Patrick Mahomes,KC,261,3238
2025,14,Patrick Mahomes,KC,160,3398
2025,15,Patrick Mahomes,KC,189,3587
2025,15,Philip Rivers,IND,120,120
2025,16,Philip Rivers,IND,277,397
2025,17,Philip Rivers,IND,147,544
2025,7,Quinn Ewers,MIA,53,53
2025,16,Quinn Ewers,MIA,260,313
2025,17,Quinn Ewers,MIA,172,485
2025,18,Quinn Ewers,MIA,137,622
2025,18,Rigoberto Sanchez,IND,16,16
2025,14,Riley Leonard,IND,145,145
2025,18,Riley Leonard,IND,270,415
2025,1,Russell Wilson,NYG,168,168
2025,2,Russell Wilson,NYG,450,618
2025,3,Russell Wilson,NYG,160,778
2025,4,Russell Wilson,NYG,8,786
2025,10,Russell Wilson,NYG,45,831
2025,1,Sam Darnold,SEA,150,150
2025,2,Sam Darnold,SEA,295,445
2025,3,Sam Darnold,SEA,218,663
2025,4,Sam Darnold,SEA,242,905
2025,5,Sam Darnold,SEA,341,1246
2025,6,Sam Darnold,SEA,295,1541
2025,7,Sam Darnold,SEA,213,1754
2025,9,Sam Darnold,SEA,330,2084
2025,10,Sam Darnold,SEA,178,2262
2025,11,Sam Darnold,SEA,279,2541
2025,12,Sam Darnold,SEA,244,2785
2025,13,Sam Darnold,SEA,128,2913
2025,14,Sam Darnold,SEA,249,3162
2025,15,Sam Darnold,SEA,271,3433
2025,16,Sam Darnold,SEA,270,3703
2025,17,Sam Darnold,SEA,147,3850
2025,18,Sam Darnold,SEA,198,4048
2025,18,Shane Buechele,KC,88,88
2025,11,Shedeur Sanders,CLE,47,47
2025,12,Shedeur Sanders,CLE,209,256
2025,13,Shedeur Sanders,CLE,149,405
2025,14,Shedeur Sanders,CLE,364,769
2025,15,Shedeur Sanders,CLE,177,946
2025,16,Shedeur Sanders,CLE,157,1103
2025,17,Shedeur Sanders,CLE,186,1289
2025,18,Shedeur Sanders,CLE,111,1400
2025,1,Spencer Rattler,NO,214,214
2025,2,Spencer Rattler,NO,207,421
2025,3,Spencer Rattler,NO,218,639
2025,4,Spencer Rattler,NO,126,765
2025,5,Spencer Rattler,NO,225,990
2025,6,Spencer Rattler,NO,227,1217
2025,7,Spencer Rattler,NO,233,1450
2025,8,Spencer Rattler,NO,136,1586
2025,15,Tanner McKee,PHI,33,33
2025,18,Tanner McKee,PHI,241,274
2025,5,Taysom Hill,NO,19,19
2025,16,Taysom Hill,NO,38,57
2025,12,Teddy Bridgewater,TB,62,62
2025,1,Trevor Lawrence,JAX,178,178
2025,2,Trevor Lawrence,JAX,271,449
2025,3,Trevor Lawrence,JAX,222,671
2025,4,Trevor Lawrence,JAX,174,845
2025,5,Trevor Lawrence,JAX,221,1066
2025,6,Trevor Lawrence,JAX,258,1324
2025,7,Trevor Lawrence,JAX,296,1620
2025,9,Trevor Lawrence,JAX,220,1840
2025,10,Trevor Lawrence,JAX,158,1998
2025,11,Trevor Lawrence,JAX,153,2151
2025,12,Trevor Lawrence,JAX,256,2407
2025,13,Trevor Lawrence,JAX,229,2636
2025,14,Trevor Lawrence,JAX,244,2880
2025,15,Trevor Lawrence,JAX,330,3210
2025,16,Trevor Lawrence,JAX,279,3489
2025,17,Trevor Lawrence,JAX,263,3752
2025,18,Trevor Lawrence,JAX,255,4007
2025,5,Trey Lance,LAC,44,44
2025,11,Trey Lance,LAC,37,81
2025,13,Trey Lance,LAC,9,90
2025,18,Trey Lance,LAC,136,226
2025,1,Tua Tagovailoa,MIA,114,114
2025,2,Tua Tagovailoa,MIA,315,429
2025,3,Tua Tagovailoa,MIA,146,575
2025,4,Tua Tagovailoa,MIA,177,752
2025,5,Tua Tagovailoa,MIA,256,1008
2025,6,Tua Tagovailoa,MIA,205,1213
2025,7,Tua Tagovailoa,MIA,100,1313
2025,8,Tua Tagovailoa,MIA,205,1518
2025,9,Tua Tagovailoa,MIA,261,1779
2025,10,Tua Tagovailoa,MIA,173,1952
2025,11,Tua Tagovailoa,MIA,171,2123
2025,13,Tua Tagovailoa,MIA,157,2280
2025,14,Tua Tagovailoa,MIA,127,2407
2025,15,Tua Tagovailoa,MIA,253,2660
2025,6,Tyler Huntley,BAL,68,68
2025,8,Tyler Huntley,BAL,186,254
2025,16,Tyler Huntley,BAL,65,319
2025,17,Tyler Huntley,BAL,107,426
2025,8,Tyler Shough,NO,128,128
2025,9,Tyler Shough,NO,176,304
2025,10,Tyler Shough,NO,282,586
2025,12,Tyler Shough,NO,243,829
2025,13,Tyler Shough,NO,239,1068
2025,14,Tyler Shough,NO,144,1212
2025,15,Tyler Shough,NO,272,1484
2025,16,Tyler Shough,NO,308,1792
2025,17,Tyler Shough,NO,333,2125
2025,18,Tyler Shough,NO,259,2384
2025,2,Tyrod Taylor,NYJ,56,56
2025,3,Tyrod Taylor,NYJ,197,253
2025,7,Tyrod Taylor,NYJ,126,379
2025,12,Tyrod Taylor,NYJ,222,601
2025,13,Tyrod Taylor,NYJ,172,773
2025,14,Tyrod Taylor,NYJ,6,779
2025,2,Tyson Bagent,CHI,27,27
2025,9,Tyson Bagent,CHI,20,47
2025,1,Zach Wilson,MIA,32,32
