season,week,player,team,weekly_yards,headshot_url,cumulative_yards
2025,1,Aaron Rodgers,PIT,244,"https://static.www.nfl.com/image/upload/f_auto,q_auto/league/dypvakakxhccxs67tb0y",244
2025,2,Aaron Rodgers,PIT,203,"https://static.www.nfl.com/image/upload/f_auto,q_auto/league/dypvakakxhccxs67tb0y",447
2025,3,Aaron Rodgers,PIT,139,"https://static.www.nfl.com/image/upload/f_auto,q_auto/league/dypvakakxhccxs67tb0y",586
2025,4,Aaron Rodgers,PIT,200,"https://static.www.nfl.com/image/upload/f_auto,q_auto/league/dypvakakxhccxs67tb0y",786
2025,6,Aaron Rodgers,PIT,235,"https://static.www.nfl.com/image/upload/f_auto,q_auto/league/dypvakakxhccxs67tb0y",1021
2025,7,Aaron Rodgers,PIT,249,"https://static.www.nfl.com/image/upload/f_auto,q_auto/league/dypvakakxhccxs67tb0y",1270
2025,8,Aaron Rodgers,PIT,219,"https://static.www.nfl.com/image/upload/f_auto,q_auto/league/dypvakakxhccxs67tb0y",1489
2025,9,Aaron Rodgers,PIT,203,"https://static.www.nfl.com/image/upload/f_auto,q_auto/league/dypvakakxhccxs67tb0y",1692
2025,10,Aaron Rodgers,PIT,161,"https://static.www.nfl.com/image/upload/f_auto,q_auto/league/dypvakakxhccxs67tb0y",1853
2025,11,Aaron Rodgers,PIT,116,"https://static.www.nfl.com/image/upload/f_auto,q_auto/league/dypvakakxhccxs67tb0y",1969
2025,13,Aaron Rodgers,PIT,117,"https://static.www.nfl.com/image/upload/f_auto,q_auto/league/dypvakakxhccxs67tb0y",2086
2025,14,Aaron Rodgers,PIT,284,"https://static.www.nfl.com/image/upload/f_auto,q_auto/league/dypvakakxhccxs67tb0y",2370
2025,15,Aaron Rodgers,PIT,224,"https://static.www.nfl.com/image/upload/f_auto,q_auto/league/dypvakakxhccxs67tb0y",2594
2025,16,Aaron Rodgers,PIT,266,"https://static.www.nfl.com/image/upload/f_auto,q_auto/league/dypvakakxhccxs67tb0y",2860
2025,17,Aaron Rodgers,PIT,168,"https://static.www.nfl.com/image/upload/f_auto,q_auto/league/dypvakakxhccxs67tb0y",3028
2025,18,Aaron Rodgers,PIT,294,"https://static.www.nfl.com/image/upload/f_auto,q_auto/league/dypvakakxhccxs67tb0y",3322
2025,18,Aidan O'Connell,LV,102,"https://static.www.nfl.com/image/upload/f_auto,q_auto/league/bcejxo7ofgk5pszhup12",102
2025,4,Andy Dalton,CAR,58,"https://static.www.nfl.com/image/upload/f_auto,q_auto/league/nyjb97rajdqckaxsoniv",58
2025,7,Andy Dalton,CAR,60,"https://static.www.nfl.com/image/upload/f_auto,q_auto/league/nyjb97rajdqckaxsoniv",118
2025,8,Andy Dalton,CAR,175,"https://static.www.nfl.com/image/upload/f_auto,q_auto/league/nyjb97rajdqckaxsoniv",293
2025,5,Anthony Richardson,IND,9,"https://static.www.nfl.com/image/upload/f_auto,q_auto/league/wrddeyklfcgk9qybgofq",9
2025,17,Austin McNamara,NYJ,3,"https://static.www.nfl.com/image/upload/f_auto,q_auto/league/d1jzdrpscex7eoxlha6o",3
2025,1,Baker Mayfield,TB,167,"https://static.www.nfl.com/image/upload/f_auto,q_auto/league/i2uufyghiphx4oihgucm",167
2025,2,Baker Mayfield,TB,215,"https://static.www.nfl.com/image/upload/f_auto,q_auto/league/i2uufyghiphx4oihgucm",382
2025,3,Baker Mayfield,TB,233,"https://static.www.nfl.com/image/upload/f_auto,q_auto/league/i2uufyghiphx4oihgucm",615
2025,4,Baker Mayfield,TB,289,"https://static.www.nfl.com/image/upload/f_auto,q_auto/league/i2uufyghiphx4oihgucm",904
2025,5,Baker Mayfield,TB,379,"https://static.www.nfl.com/image/upload/f_auto,q_auto/league/i2uufyghiphx4oihgucm",1283
2025,6,Baker Mayfield,TB,256,"https://static.www.nfl.com/image/upload/f_auto,q_auto/league/i2uufyghiphx4oihgucm",1539
2025,7,Baker Mayfield,TB,228,"https://static.www.nfl.com/image/upload/f_auto,q_auto/league/i2uufyghiphx4oihgucm",1767
2025,8,Baker Mayfield,TB,152,"https://static.www.nfl.com/image/upload/f_auto,q_auto/league/i2uufyghiphx4oihgucm",1919
2025,10,Baker Mayfield,TB,273,"https://static.www.nfl.com/image/upload/f_auto,q_auto/league/i2uufyghiphx4oihgucm",2192
2025,11,Baker Mayfield,TB,173,"https://static.www.nfl.com/image/upload/f_auto,q_auto/league/i2uufyghiphx4oihgucm",2365
2025,12,Baker Mayfield,TB,41,"https://static.www.nfl.com/image/upload/f_auto,q_auto/league/i2uufyghiphx4oihgucm",2406
2025,13,Baker Mayfield,TB,194,"https://static.www.nfl.com/image/upload/f_auto,q_auto/league/i2uufyghiphx4oihgucm",2600
2025,14,Baker Mayfield,TB,122,"https://static.www.nfl.com/image/upload/f_auto,q_auto/league/i2uufyghiphx4oihgucm",2722
2025,15,Baker Mayfield,TB,277,"https://static.www.nfl.com/image/upload/f_auto,q_auto/league/i2uufyghiphx4oihgucm",2999
2025,16,Baker Mayfield,TB,145,"https://static.www.nfl.com/image/upload/f_auto,q_auto/league/i2uufyghiphx4oihgucm",3144
2025,17,Baker Mayfield,TB,346,"https://static.www.nfl.com/image/upload/f_auto,q_auto/league/i2uufyghiphx4oihgucm",3490
2025,18,Baker Mayfield,TB,203,"https://static.www.nfl.com/image/upload/f_auto,q_auto/league/i2uufyghiphx4oihgucm",3693
2025,1,Bo Nix,DEN,176,"https://static.www.nfl.com/image/upload/f_auto,q_auto/league/igirshmrr6lqtxcpxsea",176
2025,2,Bo Nix,DEN,206,"https://static.www.nfl.com/image/upload/f_auto,q_auto/league/igirshmrr6lqtxcpxsea",382
2025,3,Bo Nix,DEN,153,"https://static.www.nfl.com/image/upload/f_auto,q_auto/league/igirshmrr6lqtxcpxsea",535
2025,4,Bo Nix,DEN,326,"https://static.www.nfl.com/image/upload/f_auto,q_auto/league/igirshmrr6lqtxcpxsea",861
2025,5,Bo Nix,DEN,242,"https://static.www.nfl.com/image/upload/f_auto,q_auto/league/igirshmrr6lqtxcpxsea",1103
2025,6,Bo Nix,DEN,174,"https://static.www.nfl.com/image/upload/f_auto,q_auto/league/igirshmrr6lqtxcpxsea",1277
2025,7,Bo Nix,DEN,279,"https://static.www.nfl.com/image/upload/f_auto,q_auto/league/igirshmrr6lqtxcpxsea",1556
2025,8,Bo Nix,DEN,247,"https://static.www.nfl.com/image/upload/f_auto,q_auto/league/igirshmrr6lqtxcpxsea",1803
2025,9,Bo Nix,DEN,173,"https://static.www.nfl.com/image/upload/f_auto,q_auto/league/igirshmrr6lqtxcpxsea",1976
2025,10,Bo Nix,DEN,150,"https://static.www.nfl.com/image/upload/f_auto,q_auto/league/igirshmrr6lqtxcpxsea",2126
2025,11,Bo Nix,DEN,295,"https://static.www.nfl.com/image/upload/f_auto,q_auto/league/igirshmrr6lqtxcpxsea",2421
2025,13,Bo Nix,DEN,321,"https://static.www.nfl.com/image/upload/f_auto,q_auto/league/igirshmrr6lqtxcpxsea",2742
2025,14,Bo Nix,DEN,212,"https://static.www.nfl.com/image/upload/f_auto,q_auto/league/igirshmrr6lqtxcpxsea",2954
2025,15,Bo Nix,DEN,302,"https://static.www.nfl.com/image/upload/f_auto,q_auto/league/igirshmrr6lqtxcpxsea",3256
2025,16,Bo Nix,DEN,352,"https://static.www.nfl.com/image/upload/f_auto,q_auto/league/igirshmrr6lqtxcpxsea",3608
2025,17,Bo Nix,DEN,182,"https://static.www.nfl.com/image/upload/f_auto,q_auto/league/igirshmrr6lqtxcpxsea",3790
2025,18,Bo Nix,DEN,141,"https://static.www.nfl.com/image/upload/f_auto,q_auto/league/igirshmrr6lqtxcpxsea",3931
2025,14,Brady Cook,NYJ,163,"https://static.www.nfl.com/image/upload/f_auto,q_auto/league/h8dnpq2fikpgnrnfiapx",163
2025,15,Brady Cook,NYJ,176,"https://static.www.nfl.com/image/upload/f_auto,q_auto/league/h8dnpq2fikpgnrnfiapx",339
2025,16,Brady Cook,NYJ,188,"https://static.www.nfl.com/image/upload/f_auto,q_auto/league/h8dnpq2fikpgnrnfiapx",527
2025,17,Brady Cook,NYJ,152,"https://static.www.nfl.com/image/upload/f_auto,q_auto/league/h8dnpq2fikpgnrnfiapx",679
2025,18,Brady Cook,NYJ,60,"https://static.www.nfl.com/image/upload/f_auto,q_auto/league/h8dnpq2fikpgnrnfiapx",739
2025,18,Brandon Allen,TEN,72,"https://static.www.nfl.com/image/upload/f_auto,q_auto/league/cz7oluypd7ahkdrr8net",72
2025,8,Breece Hall,NYJ,4,"https://static.www.nfl.com/image/upload/f_auto,q_auto/league/m3dviruymtm2wl2zcpmr",4
2025,1,Brock Purdy,SF,277,"https://static.www.nfl.com/image/upload/f_auto,q_auto/league/xykdxnvxpf9pobxvkjfj",277
2025,4,Brock Purdy,SF,309,"https://static.www.nfl.com/image/upload/f_auto,q_auto/league/xykdxnvxpf9pobxvkjfj",586
2025,11,Brock Purdy,SF,200,"https://static.www.nfl.com/image/upload/f_auto,q_auto/league/xykdxnvxpf9pobxvkjfj",786
2025,12,Brock Purdy,SF,193,"https://static.www.nfl.com/image/upload/f_auto,q_auto/league/xykdxnvxpf9pobxvkjfj",979
2025,13,Brock Purdy,SF,168,"https://static.www.nfl.com/image/upload/f_auto,q_auto/league/xykdxnvxpf9pobxvkjfj",1147
2025,15,Brock Purdy,SF,295,"https://static.www.nfl.com/image/upload/f_auto,q_auto/league/xykdxnvxpf9pobxvkjfj",1442
2025,16,Brock Purdy,SF,295,"https://static.www.nfl.com/image/upload/f_auto,q_auto/league/xykdxnvxpf9pobxvkjfj",1737
2025,17,Brock Purdy,SF,303,"https://static.www.nfl.com/image/upload/f_auto,q_auto/league/xykdxnvxpf9pobxvkjfj",2040
2025,18,Brock Purdy,SF,127,"https://static.www.nfl.com/image/upload/f_auto,q_auto/league/xykdxnvxpf9pobxvkjfj",2167
2025,1,Bryce Young,CAR,154,"https://static.www.nfl.com/image/upload/f_auto,q_auto/league/qy1lfhlzhiacsyzzm1j7",154
2025,2,Bryce Young,CAR,328,"https://static.www.nfl.com/image/upload/f_auto,q_auto/league/qy1lfhlzhiacsyzzm1j7",482
2025,3,Bryce Young,CAR,121,"https://static.www.nfl.com/image/upload/f_auto,q_auto/league/qy1lfhlzhiacsyzzm1j7",603
2025,4,Bryce Young,CAR,150,"https://static.www.nfl.com/image/upload/f_auto,q_auto/league/qy1lfhlzhiacsyzzm1j7",753
2025,5,Bryce Young,CAR,198,"https://static.www.nfl.com/image/upload/f_auto,q_auto/league/qy1lfhlzhiacsyzzm1j7",951
2025,6,Bryce Young,CAR,199,"https://static.www.nfl.com/image/upload/f_auto,q_auto/league/qy1lfhlzhiacsyzzm1j7",1150
2025,7,Bryce Young,CAR,138,"https://static.www.nfl.com/image/upload/f_auto,q_auto/league/qy1lfhlzhiacsyzzm1j7",1288
2025,9,Bryce Young,CAR,102,"https://static.www.nfl.com/image/upload/f_auto,q_auto/league/qy1lfhlzhiacsyzzm1j7",1390
2025,10,Bryce Young,CAR,124,"https://static.www.nfl.com/image/upload/f_auto,q_auto/league/qy1lfhlzhiacsyzzm1j7",1514
2025,11,Bryce Young,CAR,448,"https://static.www.nfl.com/image/upload/f_auto,q_auto/league/qy1lfhlzhiacsyzzm1j7",1962
2025,12,Bryce Young,CAR,169,"https://static.www.nfl.com/image/upload/f_auto,q_auto/league/qy1lfhlzhiacsyzzm1j7",2131
2025,13,Bryce Young,CAR,206,"https://static.www.nfl.com/image/upload/f_auto,q_auto/league/qy1lfhlzhiacsyzzm1j7",2337
2025,15,Bryce Young,CAR,163,"https://static.www.nfl.com/image/upload/f_auto,q_auto/league/qy1lfhlzhiacsyzzm1j7",2500
2025,16,Bryce Young,CAR,191,"https://static.www.nfl.com/image/upload/f_auto,q_auto/league/qy1lfhlzhiacsyzzm1j7",2691
2025,17,Bryce Young,CAR,54,"https://static.www.nfl.com/image/upload/f_auto,q_auto/league/qy1lfhlzhiacsyzzm1j7",2745
2025,18,Bryce Young,CAR,266,"https://static.www.nfl.com/image/upload/f_auto,q_auto/league/qy1lfhlzhiacsyzzm1j7",3011
2025,1,C.J. Stroud,HOU,188,"https://static.www.nfl.com/image/upload/f_auto,q_auto/league/tt4zrtxlhifaljhj0rn7",188
2025,2,C.J. Stroud,HOU,207,"https://static.www.nfl.com/image/upload/f_auto,q_auto/league/tt4zrtxlhifaljhj0rn7",395
2025,3,C.J. Stroud,HOU,204,"https://static.www.nfl.com/image/upload/f_auto,q_auto/league/tt4zrtxlhifaljhj0rn7",599
2025,4,C.J. Stroud,HOU,233,"https://static.www.nfl.com/image/upload/f_auto,q_auto/league/tt4zrtxlhifaljhj0rn7",832
2025,5,C.J. Stroud,HOU,244,"https://static.www.nfl.com/image/upload/f_auto,q_auto/league/tt4zrtxlhifaljhj0rn7",1076
2025,7,C.J. Stroud,HOU,229,"https://static.www.nfl.com/image/upload/f_auto,q_auto/league/tt4zrtxlhifaljhj0rn7",1305
2025,8,C.J. Stroud,HOU,318,"https://static.www.nfl.com/image/upload/f_auto,q_auto/league/tt4zrtxlhifaljhj0rn7",1623
2025,9,C.J. Stroud,HOU,79,"https://static.www.nfl.com/image/upload/f_auto,q_auto/league/tt4zrtxlhifaljhj0rn7",1702
2025,13,C.J. Stroud,HOU,276,"https://static.www.nfl.com/image/upload/f_auto,q_auto/league/tt4zrtxlhifaljhj0rn7",1978
2025,14,C.J. Stroud,HOU,203,"https://static.www.nfl.com/image/upload/f_auto,q_auto/league/tt4zrtxlhifaljhj0rn7",2181
2025,15,C.J. Stroud,HOU,260,"https://static.www.nfl.com/image/upload/f_auto,q_auto/league/tt4zrtxlhifaljhj0rn7",2441
2025,16,C.J. Stroud,HOU,187,"https://static.www.nfl.com/image/upload/f_auto,q_auto/league/tt4zrtxlhifaljhj0rn7",2628
2025,17,C.J. Stroud,HOU,244,"https://static.www.nfl.com/image/upload/f_auto,q_auto/league/tt4zrtxlhifaljhj0rn7",2872
2025,18,C.J. Stroud,HOU,169,"https://static.www.nfl.com/image/upload/f_auto,q_auto/league/tt4zrtxlhifaljhj0rn7",3041
2025,1,Caleb Williams,CHI,210,"https://static.www.nfl.com/image/upload/f_auto,q_auto/league/h4qs11kutwiw7whekmyt",210
2025,2,Caleb Williams,CHI,207,"https://static.www.nfl.com/image/upload/f_auto,q_auto/league/h4qs11kutwiw7whekmyt",417
2025,3,Caleb Williams,CHI,298,"https://static.www.nfl.com/image/upload/f_auto,q_auto/league/h4qs11kutwiw7whekmyt",715
2025,4,Caleb Williams,CHI,212,"https://static.www.nfl.com/image/upload/f_auto,q_auto/league/h4qs11kutwiw7whekmyt",927
2025,6,Caleb Williams,CHI,252,"https://static.www.nfl.com/image/upload/f_auto,q_auto/league/h4qs11kutwiw7whekmyt",1179
2025,7,Caleb Williams,CHI,172,"https://static.www.nfl.com/image/upload/f_auto,q_auto/league/h4qs11kutwiw7whekmyt",1351
2025,8,Caleb Williams,CHI,285,"https://static.www.nfl.com/image/upload/f_auto,q_auto/league/h4qs11kutwiw7whekmyt",1636
2025,9,Caleb Williams,CHI,280,"https://static.www.nfl.com/image/upload/f_auto,q_auto/league/h4qs11kutwiw7whekmyt",1916
2025,10,Caleb Williams,CHI,220,"https://static.www.nfl.com/image/upload/f_auto,q_auto/league/h4qs11kutwiw7whekmyt",2136
2025,11,Caleb Williams,CHI,193,"https://static.www.nfl.com/image/upload/f_auto,q_auto/league/h4qs11kutwiw7whekmyt",2329
2025,12,Caleb Williams,CHI,239,"https://static.www.nfl.com/image/upload/f_auto,q_auto/league/h4qs11kutwiw7whekmyt",2568
2025,13,Caleb Williams,CHI,154,"https://static.www.nfl.com/image/upload/f_auto,q_auto/league/h4qs11kutwiw7whekmyt",2722
2025,14,Caleb Williams,CHI,186,"https://static.www.nfl.com/image/upload/f_auto,q_auto/league/h4qs11kutwiw7whekmyt",2908
2025,15,Caleb Williams,CHI,242,"https://static.www.nfl.com/image/upload/f_auto,q_auto/league/h4qs11kutwiw7whekmyt",3150
2025,16,Caleb Williams,CHI,250,"https://static.www.nfl.com/image/upload/f_auto,q_auto/league/h4qs11kutwiw7whekmyt",3400
2025,17,Caleb Williams,CHI,330,"https://static.www.nfl.com/image/upload/f_auto,q_auto/league/h4qs11kutwiw7whekmyt",3730
2025,18,Caleb Williams,CHI,212,"https://static.www.nfl.com/image/upload/f_auto,q_auto/league/h4qs11kutwiw7whekmyt",3942
2025,5,Cam Akers,MIN,32,"https://static.www.nfl.com/image/upload/f_auto,q_auto/league/dutj0wamu7giwghnmr4m",32
2025,1,Cam Ward,TEN,112,"https://static.www.nfl.com/image/upload/f_auto,q_auto/league/viadutkbvligsopnd2qn",112
2025,2,Cam Ward,TEN,175,"https://static.www.nfl.com/image/upload/f_auto,q_auto/league/viadutkbvligsopnd2qn",287
2025,3,Cam Ward,TEN,219,"https://static.www.nfl.com/image/upload/f_auto,q_auto/league/viadutkbvligsopnd2qn",506
2025,4,Cam Ward,TEN,108,"https://static.www.nfl.com/image/upload/f_auto,q_auto/league/viadutkbvligsopnd2qn",614
2025,5,Cam Ward,TEN,265,"https://static.www.nfl.com/image/upload/f_auto,q_auto/league/viadutkbvligsopnd2qn",879
2025,6,Cam Ward,TEN,222,"https://static.www.nfl.com/image/upload/f_auto,q_auto/league/viadutkbvligsopnd2qn",1101
2025,7,Cam Ward,TEN,255,"https://static.www.nfl.com/image/upload/f_auto,q_auto/league/viadutkbvligsopnd2qn",1356
2025,8,Cam Ward,TEN,259,"https://static.www.nfl.com/image/upload/f_auto,q_auto/league/viadutkbvligsopnd2qn",1615
2025,9,Cam Ward,TEN,145,"https://static.www.nfl.com/image/upload/f_auto,q_auto/league/viadutkbvligsopnd2qn",1760
2025,11,Cam Ward,TEN,194,"https://static.www.nfl.com/image/upload/f_auto,q_auto/league/viadutkbvligsopnd2qn",1954
2025,12,Cam Ward,TEN,256,"https://static.www.nfl.com/image/upload/f_auto,q_auto/league/viadutkbvligsopnd2qn",2210
2025,13,Cam Ward,TEN,141,"https://static.www.nfl.com/image/upload/f_auto,q_auto/league/viadutkbvligsopnd2qn",2351
2025,14,Cam Ward,TEN,117,"https://static.www.nfl.com/image/upload/f_auto,q_auto/league/viadutkbvligsopnd2qn",2468
2025,15,Cam Ward,TEN,170,"https://static.www.nfl.com/image/upload/f_auto,q_auto/league/viadutkbvligsopnd2qn",2638
2025,16,Cam Ward,TEN,228,"https://static.www.nfl.com/image/upload/f_auto,q_auto/league/viadutkbvligsopnd2qn",2866
2025,17,Cam Ward,TEN,251,"https://static.www.nfl.com/image/upload/f_auto,q_auto/league/viadutkbvligsopnd2qn",3117
2025,18,Cam Ward,TEN,52,"https://static.www.nfl.com/image/upload/f_auto,q_auto/league/viadutkbvligsopnd2qn",3169
2025,3,Carson Wentz,MIN,173,"https://static.www.nfl.com/image/upload/f_auto,q_auto/league/ot6wu9gw3cgcdb2cx6is",173
2025,4,Carson Wentz,MIN,350,"https://static.www.nfl.com/image/upload/f_auto,q_auto/league/ot6wu9gw3cgcdb2cx6is",523
2025,5,Carson Wentz,MIN,236,"https://static.www.nfl.com/image/upload/f_auto,q_auto/league/ot6wu9gw3cgcdb2cx6is",759
2025,7,Carson Wentz,MIN,313,"https://static.www.nfl.com/image/upload/f_auto,q_auto/league/ot6wu9gw3cgcdb2cx6is",1072
2025,8,Carson Wentz,MIN,144,"https://static.www.nfl.com/image/upload/f_auto,q_auto/league/ot6wu9gw3cgcdb2cx6is",1216
2025,16,Chris Oladokun,KC,111,"https://static.www.nfl.com/image/upload/f_auto,q_auto/league/qnyw1gqkqfll2lxppzlv",111
2025,17,Chris Oladokun,KC,66,"https://static.www.nfl.com/image/upload/f_auto,q_auto/league/qnyw1gqkqfll2lxppzlv",177
2025,18,Chris Oladokun,KC,58,"https://static.www.nfl.com/image/upload/f_auto,q_auto/league/qnyw1gqkqfll2lxppzlv",235
2025,17,Clayton Tune,GB,8,"https://static.www.nfl.com/image/upload/f_auto,q_auto/league/qf8khbyllgjzfyqd3yuz",8
2025,18,Clayton Tune,GB,34,"https://static.www.nfl.com/image/upload/f_auto,q_auto/league/qf8khbyllgjzfyqd3yuz",42
2025,4,Cooper Rush,BAL,52,"https://static.www.nfl.com/image/upload/f_auto,q_auto/league/mwrtykpswz7nbfisqlmj",52
2025,5,Cooper Rush,BAL,179,"https://static.www.nfl.com/image/upload/f_auto,q_auto/league/mwrtykpswz7nbfisqlmj",231
2025,6,Cooper Rush,BAL,72,"https://static.www.nfl.com/image/upload/f_auto,q_auto/league/mwrtykpswz7nbfisqlmj",303
2025,9,DJ Moore,CHI,2,"https://static.www.nfl.com/image/upload/f_auto,q_auto/league/qphturmeiifnqrnf5pax",2
2025,1,Dak Prescott,DAL,188,"https://static.www.nfl.com/image/upload/f_auto,q_auto/league/blixemm3s9sa4gmqk5yn",188
2025,2,Dak Prescott,DAL,361,"https://static.www.nfl.com/image/upload/f_auto,q_auto/league/blixemm3s9sa4gmqk5yn",549
2025,3,Dak Prescott,DAL,251,"https://static.www.nfl.com/image/upload/f_auto,q_auto/league/blixemm3s9sa4gmqk5yn",800
2025,4,Dak Prescott,DAL,319,"https://static.www.nfl.com/image/upload/f_auto,q_auto/league/blixemm3s9sa4gmqk5yn",1119
2025,5,Dak Prescott,DAL,237,"https://static.www.nfl.com/image/upload/f_auto,q_auto/league/blixemm3s9sa4gmqk5yn",1356
2025,6,Dak Prescott,DAL,261,"https://static.www.nfl.com/image/upload/f_auto,q_auto/league/blixemm3s9sa4gmqk5yn",1617
2025,7,Dak Prescott,DAL,264,"https://static.www.nfl.com/image/upload/f_auto,q_auto/league/blixemm3s9sa4gmqk5yn",1881
2025,8,Dak Prescott,DAL,188,"https://static.www.nfl.com/image/upload/f_auto,q_auto/league/blixemm3s9sa4gmqk5yn",2069
2025,9,Dak Prescott,DAL,250,"https://static.www.nfl.com/image/upload/f_auto,q_auto/league/blixemm3s9sa4gmqk5yn",2319
2025,11,Dak Prescott,DAL,268,"https://static.www.nfl.com/image/upload/f_auto,q_auto/league/blixemm3s9sa4gmqk5yn",2587
2025,12,Dak Prescott,DAL,354,"https://static.www.nfl.com/image/upload/f_auto,q_auto/league/blixemm3s9sa4gmqk5yn",2941
2025,13,Dak Prescott,DAL,320,"https://static.www.nfl.com/image/upload/f_auto,q_auto/league/blixemm3s9sa4gmqk5yn",3261
2025,14,Dak Prescott,DAL,376,"https://static.www.nfl.com/image/upload/f_auto,q_auto/league/blixemm3s9sa4gmqk5yn",3637
2025,15,Dak Prescott,DAL,294,"https://static.www.nfl.com/image/upload/f_auto,q_auto/league/blixemm3s9sa4gmqk5yn",3931
2025,16,Dak Prescott,DAL,244,"https://static.www.nfl.com/image/upload/f_auto,q_auto/league/blixemm3s9sa4gmqk5yn",4175
2025,17,Dak Prescott,DAL,307,"https://static.www.nfl.com/image/upload/f_auto,q_auto/league/blixemm3s9sa4gmqk5yn",4482
2025,18,Dak Prescott,DAL,70,"https://static.www.nfl.com/image/upload/f_auto,q_auto/league/blixemm3s9sa4gmqk5yn",4552
2025,1,Daniel Jones,IND,272,"https://static.www.nfl.com/image/upload/f_auto,q_auto/league/nhuiypfjzpkisxllinyv",272
2025,2,Daniel Jones,IND,316,"https://static.www.nfl.com/image/upload/f_auto,q_auto/league/nhuiypfjzpkisxllinyv",588
2025,3,Daniel Jones,IND,228,"https://static.www.nfl.com/image/upload/f_auto,q_auto/league/nhuiypfjzpkisxllinyv",816
2025,4,Daniel Jones,IND,262,"https://static.www.nfl.com/image/upload/f_auto,q_auto/league/nhuiypfjzpkisxllinyv",1078
2025,5,Daniel Jones,IND,212,"https://static.www.nfl.com/image/upload/f_auto,q_auto/league/nhuiypfjzpkisxllinyv",1290
2025,6,Daniel Jones,IND,212,"https://static.www.nfl.com/image/upload/f_auto,q_auto/league/nhuiypfjzpkisxllinyv",1502
2025,7,Daniel Jones,IND,288,"https://static.www.nfl.com/image/upload/f_auto,q_auto/league/nhuiypfjzpkisxllinyv",1790
2025,8,Daniel Jones,IND,272,"https://static.www.nfl.com/image/upload/f_auto,q_auto/league/nhuiypfjzpkisxllinyv",2062
2025,9,Daniel Jones,IND,342,"https://static.www.nfl.com/image/upload/f_auto,q_auto/league/nhuiypfjzpkisxllinyv",2404
2025,10,Daniel Jones,IND,255,"https://static.www.nfl.com/image/upload/f_auto,q_auto/league/nhuiypfjzpkisxllinyv",2659
2025,12,Daniel Jones,IND,181,"https://static.www.nfl.com/image/upload/f_auto,q_auto/league/nhuiypfjzpkisxllinyv",2840
2025,13,Daniel Jones,IND,201,"https://static.www.nfl.com/image/upload/f_auto,q_auto/league/nhuiypfjzpkisxllinyv",3041
2025,14,Daniel Jones,IND,60,"https://static.www.nfl.com/image/upload/f_auto,q_auto/league/nhuiypfjzpkisxllinyv",3101
2025,5,David Montgomery,DET,3,"https://static.www.nfl.com/image/upload/f_auto,q_auto/league/xeb6fq4zimgkksq7uari",3
2025,5,Davis Mills,HOU,23,"https://static.www.nfl.com/image/upload/f_auto,q_auto/league/v3bofeusytvkogvqichy",23
2025,9,Davis Mills,HOU,137,"https://static.www.nfl.com/image/upload/f_auto,q_auto/league/v3bofeusytvkogvqichy",160
2025,10,Davis Mills,HOU,292,"https://static.www.nfl.com/image/upload/f_auto,q_auto/league/v3bofeusytvkogvqichy",452
2025,11,Davis Mills,HOU,274,"https://static.www.nfl.com/image/upload/f_auto,q_auto/league/v3bofeusytvkogvqichy",726
2025,12,Davis Mills,HOU,153,"https://static.www.nfl.com/image/upload/f_auto,q_auto/league/v3bofeusytvkogvqichy",879
2025,18,Davis Mills,HOU,36,"https://static.www.nfl.com/image/upload/f_auto,q_auto/league/v3bofeusytvkogvqichy",915
2025,2,Dillon Gabriel,CLE,19,"https://static.www.nfl.com/image/upload/f_auto,q_auto/league/szpyvusef9jvoctbnkbk",19
2025,5,Dillon Gabriel,CLE,190,"https://static.www.nfl.com/image/upload/f_auto,q_auto/league/szpyvusef9jvoctbnkbk",209
2025,6,Dillon Gabriel,CLE,221,"https://static.www.nfl.com/image/upload/f_auto,q_auto/league/szpyvusef9jvoctbnkbk",430
2025,7,Dillon Gabriel,CLE,116,"https://static.www.nfl.com/image/upload/f_auto,q_auto/league/szpyvusef9jvoctbnkbk",546
2025,8,Dillon Gabriel,CLE,156,"https://static.www.nfl.com/image/upload/f_auto,q_auto/league/szpyvusef9jvoctbnkbk",702
2025,10,Dillon Gabriel,CLE,167,"https://static.www.nfl.com/image/upload/f_auto,q_auto/league/szpyvusef9jvoctbnkbk",869
2025,11,Dillon Gabriel,CLE,68,"https://static.www.nfl.com/image/upload/f_auto,q_auto/league/szpyvusef9jvoctbnkbk",937
2025,1,Drake Maye,NE,287,"https://static.www.nfl.com/image/upload/f_auto,q_auto/league/oyap81gtzcvnfmripis1",287
2025,2,Drake Maye,NE,230,"https://static.www.nfl.com/image/upload/f_auto,q_auto/league/oyap81gtzcvnfmripis1",517
2025,3,Drake Maye,NE,268,"https://static.www.nfl.com/image/upload/f_auto,q_auto/league/oyap81gtzcvnfmripis1",785
2025,4,Drake Maye,NE,203,"https://static.www.nfl.com/image/upload/f_auto,q_auto/league/oyap81gtzcvnfmripis1",988
2025,5,Drake Maye,NE,273,"https://static.www.nfl.com/image/upload/f_auto,q_auto/league/oyap81gtzcvnfmripis1",1261
2025,6,Drake Maye,NE,261,"https://static.www.nfl.com/image/upload/f_auto,q_auto/league/oyap81gtzcvnfmripis1",1522
2025,7,Drake Maye,NE,222,"https://static.www.nfl.com/image/upload/f_auto,q_auto/league/oyap81gtzcvnfmripis1",1744
2025,8,Drake Maye,NE,282,"https://static.www.nfl.com/image/upload/f_auto,q_auto/league/oyap81gtzcvnfmripis1",2026
2025,9,Drake Maye,NE,259,"https://static.www.nfl.com/image/upload/f_auto,q_auto/league/oyap81gtzcvnfmripis1",2285
2025,10,Drake Maye,NE,270,"https://static.www.nfl.com/image/upload/f_auto,q_auto/league/oyap81gtzcvnfmripis1",2555
2025,11,Drake Maye,NE,281,"https://static.www.nfl.com/image/upload/f_auto,q_auto/league/oyap81gtzcvnfmripis1",2836
2025,12,Drake Maye,NE,294,"https://static.www.nfl.com/image/upload/f_auto,q_auto/league/oyap81gtzcvnfmripis1",3130
2025,13,Drake Maye,NE,282,"https://static.www.nfl.com/image/upload/f_auto,q_auto/league/oyap81gtzcvnfmripis1",3412
2025,15,Drake Maye,NE,155,"https://static.www.nfl.com/image/upload/f_auto,q_auto/league/oyap81gtzcvnfmripis1",3567
2025,16,Drake Maye,NE,380,"https://static.www.nfl.com/image/upload/f_auto,q_auto/league/oyap81gtzcvnfmripis1",3947
2025,17,Drake Maye,NE,256,"https://static.www.nfl.com/image/upload/f_auto,q_auto/league/oyap81gtzcvnfmripis1",4203
2025,18,Drake Maye,NE,191,"https://static.www.nfl.com/image/upload/f_auto,q_auto/league/oyap81gtzcvnfmripis1",4394
2025,3,Drew Lock,SEA,15,"https://static.www.nfl.com/image/upload/f_auto,q_auto/league/e0xz0hu8s0lpbwlr0bzj",15
2025,15,Gardner Minshew,KC,22,"https://static.www.nfl.com/image/upload/f_auto,q_auto/league/lggwtoj1m0jxxiawtzpw",22
2025,16,Gardner Minshew,KC,15,"https://static.www.nfl.com/image/upload/f_auto,q_auto/league/lggwtoj1m0jxxiawtzpw",37
2025,1,Geno Smith,LV,362,"https://static.www.nfl.com/image/upload/f_auto,q_auto/league/tqy0933vz5yogwlefb1s",362
2025,2,Geno Smith,LV,180,"https://static.www.nfl.com/image/upload/f_auto,q_auto/league/tqy0933vz5yogwlefb1s",542
2025,3,Geno Smith,LV,289,"https://static.www.nfl.com/image/upload/f_auto,q_auto/league/tqy0933vz5yogwlefb1s",831
2025,4,Geno Smith,LV,117,"https://static.www.nfl.com/image/upload/f_auto,q_auto/league/tqy0933vz5yogwlefb1s",948
2025,5,Geno Smith,LV,228,"https://static.www.nfl.com/image/upload/f_auto,q_auto/league/tqy0933vz5yogwlefb1s",1176
2025,6,Geno Smith,LV,174,"https://static.www.nfl.com/image/upload/f_auto,q_auto/league/tqy0933vz5yogwlefb1s",1350
2025,7,Geno Smith,LV,67,"https://static.www.nfl.com/image/upload/f_auto,q_auto/league/tqy0933vz5yogwlefb1s",1417
2025,9,Geno Smith,LV,284,"https://static.www.nfl.com/image/upload/f_auto,q_auto/league/tqy0933vz5yogwlefb1s",1701
2025,10,Geno Smith,LV,143,"https://static.www.nfl.com/image/upload/f_auto,q_auto/league/tqy0933vz5yogwlefb1s",1844
2025,11,Geno Smith,LV,238,"https://static.www.nfl.com/image/upload/f_auto,q_auto/league/tqy0933vz5yogwlefb1s",2082
2025,12,Geno Smith,LV,285,"https://static.www.nfl.com/image/upload/f_auto,q_auto/league/tqy0933vz5yogwlefb1s",2367
2025,13,Geno Smith,LV,165,"https://static.www.nfl.com/image/upload/f_auto,q_auto/league/tqy0933vz5yogwlefb1s",2532
2025,14,Geno Smith,LV,116,"https://static.www.nfl.com/image/upload/f_auto,q_auto/league/tqy0933vz5yogwlefb1s",2648
2025,16,Geno Smith,LV,201,"https://static.www.nfl.com/image/upload/f_auto,q_auto/league/tqy0933vz5yogwlefb1s",2849
2025,17,Geno Smith,LV,176,"https://static.www.nfl.com/image/upload/f_auto,q_auto/league/tqy0933vz5yogwlefb1s",3025
2025,12,Gunner Olszewski,NYG,33,"https://static.www.nfl.com/image/upload/f_auto,q_auto/league/q6fs5e2eotgeh47xeo74",33
2025,1,J.J. McCarthy,MIN,143,"https://static.www.nfl.com/image/upload/f_auto,q_auto/league/omybnfokapjw6jwb5dd3",143
2025,2,J.J. McCarthy,MIN,158,"https://static.www.nfl.com/image/upload/f_auto,q_auto/league/omybnfokapjw6jwb5dd3",301
2025,9,J.J. McCarthy,MIN,143,"https://static.www.nfl.com/image/upload/f_auto,q_auto/league/omybnfokapjw6jwb5dd3",444
2025,10,J.J. McCarthy,MIN,248,"https://static.www.nfl.com/image/upload/f_auto,q_auto/league/omybnfokapjw6jwb5dd3",692
2025,11,J.J. McCarthy,MIN,150,"https://static.www.nfl.com/image/upload/f_auto,q_auto/league/omybnfokapjw6jwb5dd3",842
2025,12,J.J. McCarthy,MIN,87,"https://static.www.nfl.com/image/upload/f_auto,q_auto/league/omybnfokapjw6jwb5dd3",929
2025,14,J.J. McCarthy,MIN,163,"https://static.www.nfl.com/image/upload/f_auto,q_auto/league/omybnfokapjw6jwb5dd3",1092
2025,15,J.J. McCarthy,MIN,250,"https://static.www.nfl.com/image/upload/f_auto,q_auto/league/omybnfokapjw6jwb5dd3",1342
2025,16,J.J. McCarthy,MIN,108,"https://static.www.nfl.com/image/upload/f_auto,q_auto/league/omybnfokapjw6jwb5dd3",1450
2025,18,J.J. McCarthy,MIN,182,"https://static.www.nfl.com/image/upload/f_auto,q_auto/league/omybnfokapjw6jwb5dd3",1632
2025,6,Jacoby Brissett,ARI,320,"https://static.www.nfl.com/image/upload/f_auto,q_auto/league/rdxowm5dvpbb8p3aazbc",320
2025,7,Jacoby Brissett,ARI,279,"https://static.www.nfl.com/image/upload/f_auto,q_auto/league/rdxowm5dvpbb8p3aazbc",599
2025,9,Jacoby Brissett,ARI,261,"https://static.www.nfl.com/image/upload/f_auto,q_auto/league/rdxowm5dvpbb8p3aazbc",860
2025,10,Jacoby Brissett,ARI,258,"https://static.www.nfl.com/image/upload/f_auto,q_auto/league/rdxowm5dvpbb8p3aazbc",1118
2025,11,Jacoby Brissett,ARI,452,"https://static.www.nfl.com/image/upload/f_auto,q_auto/league/rdxowm5dvpbb8p3aazbc",1570
2025,12,Jacoby Brissett,ARI,317,"https://static.www.nfl.com/image/upload/f_auto,q_auto/league/rdxowm5dvpbb8p3aazbc",1887
2025,13,Jacoby Brissett,ARI,301,"https://static.www.nfl.com/image/upload/f_auto,q_auto/league/rdxowm5dvpbb8p3aazbc",2188
2025,14,Jacoby Brissett,ARI,271,"https://static.www.nfl.com/image/upload/f_auto,q_auto/league/rdxowm5dvpbb8p3aazbc",2459
2025,15,Jacoby Brissett,ARI,249,"https://static.www.nfl.com/image/upload/f_auto,q_auto/league/rdxowm5dvpbb8p3aazbc",2708
2025,16,Jacoby Brissett,ARI,203,"https://static.www.nfl.com/image/upload/f_auto,q_auto/league/rdxowm5dvpbb8p3aazbc",2911
2025,17,Jacoby Brissett,ARI,212,"https://static.www.nfl.com/image/upload/f_auto,q_auto/league/rdxowm5dvpbb8p3aazbc",3123
2025,18,Jacoby Brissett,ARI,243,"https://static.www.nfl.com/image/upload/f_auto,q_auto/league/rdxowm5dvpbb8p3aazbc",3366
2025,2,Jake Browning,CIN,241,"https://static.www.nfl.com/image/upload/f_auto,q_auto/league/kzyh6yum2w3c6xrkndla",241
2025,3,Jake Browning,CIN,140,"https://static.www.nfl.com/image/upload/f_auto,q_auto/league/kzyh6yum2w3c6xrkndla",381
2025,4,Jake Browning,CIN,125,"https://static.www.nfl.com/image/upload/f_auto,q_auto/league/kzyh6yum2w3c6xrkndla",506
2025,5,Jake Browning,CIN,251,"https://static.www.nfl.com/image/upload/f_auto,q_auto/league/kzyh6yum2w3c6xrkndla",757
2025,12,Jake Browning,CIN,14,"https://static.www.nfl.com/image/upload/f_auto,q_auto/league/kzyh6yum2w3c6xrkndla",771
2025,1,Jalen Hurts,PHI,152,"https://static.www.nfl.com/image/upload/f_auto,q_auto/league/c47i9v6gmokkun9cat9s",152
2025,2,Jalen Hurts,PHI,101,"https://static.www.nfl.com/image/upload/f_auto,q_auto/league/c47i9v6gmokkun9cat9s",253
2025,3,Jalen Hurts,PHI,226,"https://static.www.nfl.com/image/upload/f_auto,q_auto/league/c47i9v6gmokkun9cat9s",479
2025,4,Jalen Hurts,PHI,130,"https://static.www.nfl.com/image/upload/f_auto,q_auto/league/c47i9v6gmokkun9cat9s",609
2025,5,Jalen Hurts,PHI,280,"https://static.www.nfl.com/image/upload/f_auto,q_auto/league/c47i9v6gmokkun9cat9s",889
2025,6,Jalen Hurts,PHI,283,"https://static.www.nfl.com/image/upload/f_auto,q_auto/league/c47i9v6gmokkun9cat9s",1172
2025,7,Jalen Hurts,PHI,326,"https://static.www.nfl.com/image/upload/f_auto,q_auto/league/c47i9v6gmokkun9cat9s",1498
2025,8,Jalen Hurts,PHI,179,"https://static.www.nfl.com/image/upload/f_auto,q_auto/league/c47i9v6gmokkun9cat9s",1677
2025,10,Jalen Hurts,PHI,183,"https://static.www.nfl.com/image/upload/f_auto,q_auto/league/c47i9v6gmokkun9cat9s",1860
2025,11,Jalen Hurts,PHI,135,"https://static.www.nfl.com/image/upload/f_auto,q_auto/league/c47i9v6gmokkun9cat9s",1995
2025,12,Jalen Hurts,PHI,289,"https://static.www.nfl.com/image/upload/f_auto,q_auto/league/c47i9v6gmokkun9cat9s",2284
2025,13,Jalen Hurts,PHI,230,"https://static.www.nfl.com/image/upload/f_auto,q_auto/league/c47i9v6gmokkun9cat9s",2514
2025,14,Jalen Hurts,PHI,240,"https://static.www.nfl.com/image/upload/f_auto,q_auto/league/c47i9v6gmokkun9cat9s",2754
2025,15,Jalen Hurts,PHI,175,"https://static.www.nfl.com/image/upload/f_auto,q_auto/league/c47i9v6gmokkun9cat9s",2929
2025,16,Jalen Hurts,PHI,185,"https://static.www.nfl.com/image/upload/f_auto,q_auto/league/c47i9v6gmokkun9cat9s",3114
2025,17,Jalen Hurts,PHI,110,"https://static.www.nfl.com/image/upload/f_auto,q_auto/league/c47i9v6gmokkun9cat9s",3224
2025,11,Jameis Winston,NYG,201,"https://static.www.nfl.com/image/upload/f_auto,q_auto/league/vwikoroqsyf8iemlrohb",201
2025,12,Jameis Winston,NYG,366,"https://static.www.nfl.com/image/upload/f_auto,q_auto/league/vwikoroqsyf8iemlrohb",567
2025,1,Jared Goff,DET,225,"https://static.www.nfl.com/image/upload/f_auto,q_auto/league/yggfwr4ak4po9byj0qor",225
2025,2,Jared Goff,DET,334,"https://static.www.nfl.com/image/upload/f_auto,q_auto/league/yggfwr4ak4po9byj0qor",559
2025,3,Jared Goff,DET,202,"https://static.www.nfl.com/image/upload/f_auto,q_auto/league/yggfwr4ak4po9byj0qor",761
2025,4,Jared Goff,DET,168,"https://static.www.nfl.com/image/upload/f_auto,q_auto/league/yggfwr4ak4po9byj0qor",929
2025,5,Jared Goff,DET,258,"https://static.www.nfl.com/image/upload/f_auto,q_auto/league/yggfwr4ak4po9byj0qor",1187
2025,6,Jared Goff,DET,203,"https://static.www.nfl.com/image/upload/f_auto,q_auto/league/yggfwr4ak4po9byj0qor",1390
2025,7,Jared Goff,DET,241,"https://static.www.nfl.com/image/upload/f_auto,q_auto/league/yggfwr4ak4po9byj0qor",1631
2025,9,Jared Goff,DET,284,"https://static.www.nfl.com/image/upload/f_auto,q_auto/league/yggfwr4ak4po9byj0qor",1915
2025,10,Jared Goff,DET,320,"https://static.www.nfl.com/image/upload/f_auto,q_auto/league/yggfwr4ak4po9byj0qor",2235
2025,11,Jared Goff,DET,255,"https://static.www.nfl.com/image/upload/f_auto,q_auto/league/yggfwr4ak4po9byj0qor",2490
2025,12,Jared Goff,DET,279,"https://static.www.nfl.com/image/upload/f_auto,q_auto/league/yggfwr4ak4po9byj0qor",2769
2025,13,Jared Goff,DET,256,"https://static.www.nfl.com/image/upload/f_auto,q_auto/league/yggfwr4ak4po9byj0qor",3025
2025,14,Jared Goff,DET,309,"https://static.www.nfl.com/image/upload/f_auto,q_auto/league/yggfwr4ak4po9byj0qor",3334
2025,15,Jared Goff,DET,338,"https://static.www.nfl.com/image/upload/f_auto,q_auto/league/yggfwr4ak4po9byj0qor",3672
2025,16,Jared Goff,DET,364,"https://static.www.nfl.com/image/upload/f_auto,q_auto/league/yggfwr4ak4po9byj0qor",4036
2025,17,Jared Goff,DET,197,"https://static.www.nfl.com/image/upload/f_auto,q_auto/league/yggfwr4ak4po9byj0qor",4233
2025,18,Jared Goff,DET,331,"https://static.www.nfl.com/image/upload/f_auto,q_auto/league/yggfwr4ak4po9byj0qor",4564
2025,4,Jaxson Dart,NYG,111,"https://static.www.nfl.com/image/upload/f_auto,q_auto/league/n6uymxssgiicjmxkzxoc",111
2025,5,Jaxson Dart,NYG,202,"https://static.www.nfl.com/image/upload/f_auto,q_auto/league/n6uymxssgiicjmxkzxoc",313
2025,6,Jaxson Dart,NYG,195,"https://static.www.nfl.com/image/upload/f_auto,q_auto/league/n6uymxssgiicjmxkzxoc",508
2025,7,Jaxson Dart,NYG,283,"https://static.www.nfl.com/image/upload/f_auto,q_auto/league/n6uymxssgiicjmxkzxoc",791
2025,8,Jaxson Dart,NYG,193,"https://static.www.nfl.com/image/upload/f_auto,q_auto/league/n6uymxssgiicjmxkzxoc",984
2025,9,Jaxson Dart,NYG,191,"https://static.www.nfl.com/image/upload/f_auto,q_auto/league/n6uymxssgiicjmxkzxoc",1175
2025,10,Jaxson Dart,NYG,242,"https://static.www.nfl.com/image/upload/f_auto,q_auto/league/n6uymxssgiicjmxkzxoc",1417
2025,13,Jaxson Dart,NYG,139,"https://static.www.nfl.com/image/upload/f_auto,q_auto/league/n6uymxssgiicjmxkzxoc",1556
2025,15,Jaxson Dart,NYG,246,"https://static.www.nfl.com/image/upload/f_auto,q_auto/league/n6uymxssgiicjmxkzxoc",1802
2025,16,Jaxson Dart,NYG,33,"https://static.www.nfl.com/image/upload/f_auto,q_auto/league/n6uymxssgiicjmxkzxoc",1835
2025,17,Jaxson Dart,NYG,207,"https://static.www.nfl.com/image/upload/f_auto,q_auto/league/n6uymxssgiicjmxkzxoc",2042
2025,18,Jaxson Dart,NYG,230,"https://static.www.nfl.com/image/upload/f_auto,q_auto/league/n6uymxssgiicjmxkzxoc",2272
2025,1,Jayden Daniels,WAS,233,"https://static.www.nfl.com/image/upload/f_auto,q_auto/league/vrdweg39v1ay4zoc0lgp",233
2025,2,Jayden Daniels,WAS,200,"https://static.www.nfl.com/image/upload/f_auto,q_auto/league/vrdweg39v1ay4zoc0lgp",433
2025,5,Jayden Daniels,WAS,231,"https://static.www.nfl.com/image/upload/f_auto,q_auto/league/vrdweg39v1ay4zoc0lgp",664
2025,6,Jayden Daniels,WAS,211,"https://static.www.nfl.com/image/upload/f_auto,q_auto/league/vrdweg39v1ay4zoc0lgp",875
2025,7,Jayden Daniels,WAS,156,"https://static.www.nfl.com/image/upload/f_auto,q_auto/league/vrdweg39v1ay4zoc0lgp",1031
2025,9,Jayden Daniels,WAS,153,"https://static.www.nfl.com/image/upload/f_auto,q_auto/league/vrdweg39v1ay4zoc0lgp",1184
2025,14,Jayden Daniels,WAS,78,"https://static.www.nfl.com/image/upload/f_auto,q_auto/league/vrdweg39v1ay4zoc0lgp",1262
2025,6,Jaylen Waddle,MIA,8,"https://static.www.nfl.com/image/upload/f_auto,q_auto/league/dsxd2zcqm42wsv4ewtfc",8
2025,1,Joe Burrow,CIN,113,"https://static.www.nfl.com/image/upload/f_auto,q_auto/league/gnnvcgui1cijybukk2w7",113
2025,2,Joe Burrow,CIN,76,"https://static.www.nfl.com/image/upload/f_auto,q_auto/league/gnnvcgui1cijybukk2w7",189
2025,13,Joe Burrow,CIN,261,"https://static.www.nfl.com/image/upload/f_auto,q_auto/league/gnnvcgui1cijybukk2w7",450
2025,14,Joe Burrow,CIN,284,"https://static.www.nfl.com/image/upload/f_auto,q_auto/league/gnnvcgui1cijybukk2w7",734
2025,15,Joe Burrow,CIN,225,"https://static.www.nfl.com/image/upload/f_auto,q_auto/league/gnnvcgui1cijybukk2w7",959
2025,16,Joe Burrow,CIN,309,"https://static.www.nfl.com/image/upload/f_auto,q_auto/league/gnnvcgui1cijybukk2w7",1268
2025,17,Joe Burrow,CIN,305,"https://static.www.nfl.com/image/upload/f_auto,q_auto/league/gnnvcgui1cijybukk2w7",1573
2025,18,Joe Burrow,CIN,236,"https://static.www.nfl.com/image/upload/f_auto,q_auto/league/gnnvcgui1cijybukk2w7",1809
2025,1,Joe Flacco,CLE,290,"https://static.www.nfl.com/image/upload/f_auto,q_auto/league/vbqptn8emdlbeaz1kvmx",290
2025,2,Joe Flacco,CLE,199,"https://static.www.nfl.com/image/upload/f_auto,q_auto/league/vbqptn8emdlbeaz1kvmx",489
2025,3,Joe Flacco,CLE,142,"https://static.www.nfl.com/image/upload/f_auto,q_auto/league/vbqptn8emdlbeaz1kvmx",631
2025,4,Joe Flacco,CLE,184,"https://static.www.nfl.com/image/upload/f_auto,q_auto/league/vbqptn8emdlbeaz1kvmx",815
2025,6,Joe Flacco,CIN,219,"https://static.www.nfl.com/image/upload/f_auto,q_auto/league/vbqptn8emdlbeaz1kvmx",1034
2025,7,Joe Flacco,CIN,342,"https://static.www.nfl.com/image/upload/f_auto,q_auto/league/vbqptn8emdlbeaz1kvmx",1376
2025,8,Joe Flacco,CIN,223,"https://static.www.nfl.com/image/upload/f_auto,q_auto/league/vbqptn8emdlbeaz1kvmx",1599
2025,9,Joe Flacco,CIN,470,"https://static.www.nfl.com/image/upload/f_auto,q_auto/league/vbqptn8emdlbeaz1kvmx",2069
2025,11,Joe Flacco,CIN,199,"https://static.www.nfl.com/image/upload/f_auto,q_auto/league/vbqptn8emdlbeaz1kvmx",2268
2025,12,Joe Flacco,CIN,183,"https://static.www.nfl.com/image/upload/f_auto,q_auto/league/vbqptn8emdlbeaz1kvmx",2451
2025,16,Joe Flacco,CIN,4,"https://static.www.nfl.com/image/upload/f_auto,q_auto/league/vbqptn8emdlbeaz1kvmx",2455
2025,17,Joe Flacco,CIN,24,"https://static.www.nfl.com/image/upload/f_auto,q_auto/league/vbqptn8emdlbeaz1kvmx",2479
2025,3,Joe Milton III,DAL,41,"https://static.www.nfl.com/image/upload/f_auto,q_auto/league/tsj9lobse1gxzanf39dt",41
2025,8,Joe Milton III,DAL,58,"https://static.www.nfl.com/image/upload/f_auto,q_auto/league/tsj9lobse1gxzanf39dt",99
2025,16,Joe Milton III,DAL,11,"https://static.www.nfl.com/image/upload/f_auto,q_auto/league/tsj9lobse1gxzanf39dt",110
2025,18,Joe Milton III,DAL,73,"https://static.www.nfl.com/image/upload/f_auto,q_auto/league/tsj9lobse1gxzanf39dt",183
2025,1,Jordan Love,GB,188,"https://static.www.nfl.com/image/upload/f_auto,q_auto/league/uneiwen9drvci9ahuebp",188
2025,2,Jordan Love,GB,292,"https://static.www.nfl.com/image/upload/f_auto,q_auto/league/uneiwen9drvci9ahuebp",480
2025,3,Jordan Love,GB,183,"https://static.www.nfl.com/image/upload/f_auto,q_auto/league/uneiwen9drvci9ahuebp",663
2025,4,Jordan Love,GB,337,"https://static.www.nfl.com/image/upload/f_auto,q_auto/league/uneiwen9drvci9ahuebp",1000
2025,6,Jordan Love,GB,259,"https://static.www.nfl.com/image/upload/f_auto,q_auto/league/uneiwen9drvci9ahuebp",1259
2025,7,Jordan Love,GB,179,"https://static.www.nfl.com/image/upload/f_auto,q_auto/league/uneiwen9drvci9ahuebp",1438
2025,8,Jordan Love,GB,360,"https://static.www.nfl.com/image/upload/f_auto,q_auto/league/uneiwen9drvci9ahuebp",1798
2025,9,Jordan Love,GB,273,"https://static.www.nfl.com/image/upload/f_auto,q_auto/league/uneiwen9drvci9ahuebp",2071
2025,10,Jordan Love,GB,176,"https://static.www.nfl.com/image/upload/f_auto,q_auto/league/uneiwen9drvci9ahuebp",2247
2025,11,Jordan Love,GB,174,"https://static.www.nfl.com/image/upload/f_auto,q_auto/league/uneiwen9drvci9ahuebp",2421
2025,12,Jordan Love,GB,139,"https://static.www.nfl.com/image/upload/f_auto,q_auto/league/uneiwen9drvci9ahuebp",2560
2025,13,Jordan Love,GB,234,"https://static.www.nfl.com/image/upload/f_auto,q_auto/league/uneiwen9drvci9ahuebp",2794
2025,14,Jordan Love,GB,234,"https://static.www.nfl.com/image/upload/f_auto,q_auto/league/uneiwen9drvci9ahuebp",3028
2025,15,Jordan Love,GB,276,"https://static.www.nfl.com/image/upload/f_auto,q_auto/league/uneiwen9drvci9ahuebp",3304
2025,16,Jordan Love,GB,77,"https://static.www.nfl.com/image/upload/f_auto,q_auto/league/uneiwen9drvci9ahuebp",3381
2025,1,Josh Allen,BUF,394,"https://static.www.nfl.com/image/upload/f_auto,q_auto/league/servs1fpsynfxep4rz2z",394
2025,2,Josh Allen,BUF,148,"https://static.www.nfl.com/image/upload/f_auto,q_auto/league/servs1fpsynfxep4rz2z",542
2025,3,Josh Allen,BUF,213,"https://static.www.nfl.com/image/upload/f_auto,q_auto/league/servs1fpsynfxep4rz2z",755
2025,4,Josh Allen,BUF,209,"https://static.www.nfl.com/image/upload/f_auto,q_auto/league/servs1fpsynfxep4rz2z",964
2025,5,Josh Allen,BUF,253,"https://static.www.nfl.com/image/upload/f_auto,q_auto/league/servs1fpsynfxep4rz2z",1217
2025,6,Josh Allen,BUF,180,"https://static.www.nfl.com/image/upload/f_auto,q_auto/league/servs1fpsynfxep4rz2z",1397
2025,8,Josh Allen,BUF,163,"https://static.www.nfl.com/image/upload/f_auto,q_auto/league/servs1fpsynfxep4rz2z",1560
2025,9,Josh Allen,BUF,273,"https://static.www.nfl.com/image/upload/f_auto,q_auto/league/servs1fpsynfxep4rz2z",1833
2025,10,Josh Allen,BUF,306,"https://static.www.nfl.com/image/upload/f_auto,q_auto/league/servs1fpsynfxep4rz2z",2139
2025,11,Josh Allen,BUF,317,"https://static.www.nfl.com/image/upload/f_auto,q_auto/league/servs1fpsynfxep4rz2z",2456
2025,12,Josh Allen,BUF,253,"https://static.www.nfl.com/image/upload/f_auto,q_auto/league/servs1fpsynfxep4rz2z",2709
2025,13,Josh Allen,BUF,123,"https://static.www.nfl.com/image/upload/f_auto,q_auto/league/servs1fpsynfxep4rz2z",2832
2025,14,Josh Allen,BUF,251,"https://static.www.nfl.com/image/upload/f_auto,q_auto/league/servs1fpsynfxep4rz2z",3083
2025,15,Josh Allen,BUF,193,"https://static.www.nfl.com/image/upload/f_auto,q_auto/league/servs1fpsynfxep4rz2z",3276
2025,16,Josh Allen,BUF,130,"https://static.www.nfl.com/image/upload/f_auto,q_auto/league/servs1fpsynfxep4rz2z",3406
2025,17,Josh Allen,BUF,262,"https://static.www.nfl.com/image/upload/f_auto,q_auto/league/servs1fpsynfxep4rz2z",3668
2025,16,Josh Johnson,WAS,43,"https://static.www.nfl.com/image/upload/f_auto,q_auto/league/ibuhbuhomisj4t8vvhay",43
2025,17,Josh Johnson,WAS,198,"https://static.www.nfl.com/image/upload/f_auto,q_auto/league/ibuhbuhomisj4t8vvhay",241
2025,18,Josh Johnson,WAS,131,"https://static.www.nfl.com/image/upload/f_auto,q_auto/league/ibuhbuhomisj4t8vvhay",372
2025,7,Joshua Dobbs,NE,12,"https://static.www.nfl.com/image/upload/f_auto,q_auto/league/twaqqjexyi0vgyfbvzis",12
2025,17,Joshua Dobbs,NE,30,"https://static.www.nfl.com/image/upload/f_auto,q_auto/league/twaqqjexyi0vgyfbvzis",42
2025,18,Joshua Dobbs,NE,23,"https://static.www.nfl.com/image/upload/f_auto,q_auto/league/twaqqjexyi0vgyfbvzis",65
2025,1,Justin Fields,NYJ,218,"https://static.www.nfl.com/image/upload/f_auto,q_auto/league/fbteankooq2c33yquq2j",218
2025,2,Justin Fields,NYJ,27,"https://static.www.nfl.com/image/upload/f_auto,q_auto/league/fbteankooq2c33yquq2j",245
2025,4,Justin Fields,NYJ,226,"https://static.www.nfl.com/image/upload/f_auto,q_auto/league/fbteankooq2c33yquq2j",471
2025,5,Justin Fields,NYJ,283,"https://static.www.nfl.com/image/upload/f_auto,q_auto/league/fbteankooq2c33yquq2j",754
2025,6,Justin Fields,NYJ,45,"https://static.www.nfl.com/image/upload/f_auto,q_auto/league/fbteankooq2c33yquq2j",799
2025,7,Justin Fields,NYJ,46,"https://static.www.nfl.com/image/upload/f_auto,q_auto/league/fbteankooq2c33yquq2j",845
2025,8,Justin Fields,NYJ,244,"https://static.www.nfl.com/image/upload/f_auto,q_auto/league/fbteankooq2c33yquq2j",1089
2025,10,Justin Fields,NYJ,54,"https://static.www.nfl.com/image/upload/f_auto,q_auto/league/fbteankooq2c33yquq2j",1143
2025,11,Justin Fields,NYJ,116,"https://static.www.nfl.com/image/upload/f_auto,q_auto/league/fbteankooq2c33yquq2j",1259
2025,1,Justin Herbert,LAC,318,"https://static.www.nfl.com/image/upload/f_auto,q_auto/league/s1oelyaroiaalgilbeqk",318
2025,2,Justin Herbert,LAC,242,"https://static.www.nfl.com/image/upload/f_auto,q_auto/league/s1oelyaroiaalgilbeqk",560
2025,3,Justin Herbert,LAC,300,"https://static.www.nfl.com/image/upload/f_auto,q_auto/league/s1oelyaroiaalgilbeqk",860
2025,4,Justin Herbert,LAC,203,"https://static.www.nfl.com/image/upload/f_auto,q_auto/league/s1oelyaroiaalgilbeqk",1063
2025,5,Justin Herbert,LAC,166,"https://static.www.nfl.com/image/upload/f_auto,q_auto/league/s1oelyaroiaalgilbeqk",1229
2025,6,Justin Herbert,LAC,264,"https://static.www.nfl.com/image/upload/f_auto,q_auto/league/s1oelyaroiaalgilbeqk",1493
2025,7,Justin Herbert,LAC,420,"https://static.www.nfl.com/image/upload/f_auto,q_auto/league/s1oelyaroiaalgilbeqk",1913
2025,8,Justin Herbert,LAC,227,"https://static.www.nfl.com/image/upload/f_auto,q_auto/league/s1oelyaroiaalgilbeqk",2140
2025,9,Justin Herbert,LAC,250,"https://static.www.nfl.com/image/upload/f_auto,q_auto/league/s1oelyaroiaalgilbeqk",2390
2025,10,Justin Herbert,LAC,220,"https://static.www.nfl.com/image/upload/f_auto,q_auto/league/s1oelyaroiaalgilbeqk",2610
2025,11,Justin Herbert,LAC,81,"https://static.www.nfl.com/image/upload/f_auto,q_auto/league/s1oelyaroiaalgilbeqk",2691
2025,13,Justin Herbert,LAC,151,"https://static.www.nfl.com/image/upload/f_auto,q_auto/league/s1oelyaroiaalgilbeqk",2842
2025,14,Justin Herbert,LAC,139,"https://static.www.nfl.com/image/upload/f_auto,q_auto/league/s1oelyaroiaalgilbeqk",2981
2025,15,Justin Herbert,LAC,210,"https://static.www.nfl.com/image/upload/f_auto,q_auto/league/s1oelyaroiaalgilbeqk",3191
2025,16,Justin Herbert,LAC,300,"https://static.www.nfl.com/image/upload/f_auto,q_auto/league/s1oelyaroiaalgilbeqk",3491
2025,17,Justin Herbert,LAC,236,"https://static.www.nfl.com/image/upload/f_auto,q_auto/league/s1oelyaroiaalgilbeqk",3727
2025,7,Kenny Pickett,LV,8,"https://static.www.nfl.com/image/upload/f_auto,q_auto/league/nfdzmyfr8eup5uuojjdw",8
2025,14,Kenny Pickett,LV,97,"https://static.www.nfl.com/image/upload/f_auto,q_auto/league/nfdzmyfr8eup5uuojjdw",105
2025,15,Kenny Pickett,LV,64,"https://static.www.nfl.com/image/upload/f_auto,q_auto/league/nfdzmyfr8eup5uuojjdw",169
2025,17,Kenny Pickett,LV,16,"https://static.www.nfl.com/image/upload/f_auto,q_auto/league/nfdzmyfr8eup5uuojjdw",185
2025,18,Kenny Pickett,LV,3,"https://static.www.nfl.com/image/upload/f_auto,q_auto/league/nfdzmyfr8eup5uuojjdw",188
2025,3,Kirk Cousins,ATL,29,"https://static.www.nfl.com/image/upload/f_auto,q_auto/league/hmdqr7gju0dciapvdjcv",29
2025,8,Kirk Cousins,ATL,173,"https://static.www.nfl.com/image/upload/f_auto,q_auto/league/hmdqr7gju0dciapvdjcv",202
2025,11,Kirk Cousins,ATL,48,"https://static.www.nfl.com/image/upload/f_auto,q_auto/league/hmdqr7gju0dciapvdjcv",250
2025,12,Kirk Cousins,ATL,199,"https://static.www.nfl.com/image/upload/f_auto,q_auto/league/hmdqr7gju0dciapvdjcv",449
2025,13,Kirk Cousins,ATL,234,"https://static.www.nfl.com/image/upload/f_auto,q_auto/league/hmdqr7gju0dciapvdjcv",683
2025,14,Kirk Cousins,ATL,162,"https://static.www.nfl.com/image/upload/f_auto,q_auto/league/hmdqr7gju0dciapvdjcv",845
2025,15,Kirk Cousins,ATL,373,"https://static.www.nfl.com/image/upload/f_auto,q_auto/league/hmdqr7gju0dciapvdjcv",1218
2025,16,Kirk Cousins,ATL,197,"https://static.www.nfl.com/image/upload/f_auto,q_auto/league/hmdqr7gju0dciapvdjcv",1415
2025,17,Kirk Cousins,ATL,126,"https://static.www.nfl.com/image/upload/f_auto,q_auto/league/hmdqr7gju0dciapvdjcv",1541
2025,18,Kirk Cousins,ATL,180,"https://static.www.nfl.com/image/upload/f_auto,q_auto/league/hmdqr7gju0dciapvdjcv",1721
2025,1,Kyler Murray,ARI,163,"https://static.www.nfl.com/image/upload/f_auto,q_auto/league/flezsremqighwuiyu77f",163
2025,2,Kyler Murray,ARI,220,"https://static.www.nfl.com/image/upload/f_auto,q_auto/league/flezsremqighwuiyu77f",383
2025,3,Kyler Murray,ARI,159,"https://static.www.nfl.com/image/upload/f_auto,q_auto/league/flezsremqighwuiyu77f",542
2025,4,Kyler Murray,ARI,200,"https://static.www.nfl.com/image/upload/f_auto,q_auto/league/flezsremqighwuiyu77f",742
2025,5,Kyler Murray,ARI,220,"https://static.www.nfl.com/image/upload/f_auto,q_auto/league/flezsremqighwuiyu77f",962
2025,1,Lamar Jackson,BAL,209,"https://static.www.nfl.com/image/upload/f_auto,q_auto/league/cruqs6qpbykh7a2whd7p",209
2025,2,Lamar Jackson,BAL,225,"https://static.www.nfl.com/image/upload/f_auto,q_auto/league/cruqs6qpbykh7a2whd7p",434
2025,3,Lamar Jackson,BAL,288,"https://static.www.nfl.com/image/upload/f_auto,q_auto/league/cruqs6qpbykh7a2whd7p",722
2025,4,Lamar Jackson,BAL,147,"https://static.www.nfl.com/image/upload/f_auto,q_auto/league/cruqs6qpbykh7a2whd7p",869
2025,9,Lamar Jackson,BAL,204,"https://static.www.nfl.com/image/upload/f_auto,q_auto/league/cruqs6qpbykh7a2whd7p",1073
2025,10,Lamar Jackson,BAL,176,"https://static.www.nfl.com/image/upload/f_auto,q_auto/league/cruqs6qpbykh7a2whd7p",1249
2025,11,Lamar Jackson,BAL,193,"https://static.www.nfl.com/image/upload/f_auto,q_auto/league/cruqs6qpbykh7a2whd7p",1442
2025,12,Lamar Jackson,BAL,153,"https://static.www.nfl.com/image/upload/f_auto,q_auto/league/cruqs6qpbykh7a2whd7p",1595
2025,13,Lamar Jackson,BAL,246,"https://static.www.nfl.com/image/upload/f_auto,q_auto/league/cruqs6qpbykh7a2whd7p",1841
2025,14,Lamar Jackson,BAL,219,"https://static.www.nfl.com/image/upload/f_auto,q_auto/league/cruqs6qpbykh7a2whd7p",2060
2025,15,Lamar Jackson,BAL,150,"https://static.www.nfl.com/image/upload/f_auto,q_auto/league/cruqs6qpbykh7a2whd7p",2210
2025,16,Lamar Jackson,BAL,101,"https://static.www.nfl.com/image/upload/f_auto,q_auto/league/cruqs6qpbykh7a2whd7p",2311
2025,18,Lamar Jackson,BAL,238,"https://static.www.nfl.com/image/upload/f_auto,q_auto/league/cruqs6qpbykh7a2whd7p",2549
2025,2,Mac Jones,SF,279,"https://static.www.nfl.com/image/upload/f_auto,q_auto/league/v5sg1z9qvdpjeapblndz",279
2025,3,Mac Jones,SF,284,"https://static.www.nfl.com/image/upload/f_auto,q_auto/league/v5sg1z9qvdpjeapblndz",563
2025,5,Mac Jones,SF,342,"https://static.www.nfl.com/image/upload/f_auto,q_auto/league/v5sg1z9qvdpjeapblndz",905
2025,6,Mac Jones,SF,347,"https://static.www.nfl.com/image/upload/f_auto,q_auto/league/v5sg1z9qvdpjeapblndz",1252
2025,7,Mac Jones,SF,152,"https://static.www.nfl.com/image/upload/f_auto,q_auto/league/v5sg1z9qvdpjeapblndz",1404
2025,8,Mac Jones,SF,193,"https://static.www.nfl.com/image/upload/f_auto,q_auto/league/v5sg1z9qvdpjeapblndz",1597
2025,9,Mac Jones,SF,235,"https://static.www.nfl.com/image/upload/f_auto,q_auto/league/v5sg1z9qvdpjeapblndz",1832
2025,10,Mac Jones,SF,319,"https://static.www.nfl.com/image/upload/f_auto,q_auto/league/v5sg1z9qvdpjeapblndz",2151
2025,11,Malik Willis,GB,6,"https://static.www.nfl.com/image/upload/f_auto,q_auto/league/hsnetccy7bquili3gcqq",6
2025,12,Malik Willis,GB,7,"https://static.www.nfl.com/image/upload/f_auto,q_auto/league/hsnetccy7bquili3gcqq",13
2025,16,Malik Willis,GB,121,"https://static.www.nfl.com/image/upload/f_auto,q_auto/league/hsnetccy7bquili3gcqq",134
2025,17,Malik Willis,GB,288,"https://static.www.nfl.com/image/upload/f_auto,q_auto/league/hsnetccy7bquili3gcqq",422
2025,3,Marcus Mariota,WAS,207,"https://static.www.nfl.com/image/upload/f_auto,q_auto/league/b9ribxqudeehvmjlw0va",207
2025,4,Marcus Mariota,WAS,156,"https://static.www.nfl.com/image/upload/f_auto,q_auto/league/b9ribxqudeehvmjlw0va",363
2025,7,Marcus Mariota,WAS,63,"https://static.www.nfl.com/image/upload/f_auto,q_auto/league/b9ribxqudeehvmjlw0va",426
2025,8,Marcus Mariota,WAS,213,"https://static.www.nfl.com/image/upload/f_auto,q_auto/league/b9ribxqudeehvmjlw0va",639
2025,10,Marcus Mariota,WAS,213,"https://static.www.nfl.com/image/upload/f_auto,q_auto/league/b9ribxqudeehvmjlw0va",852
2025,11,Marcus Mariota,WAS,213,"https://static.www.nfl.com/image/upload/f_auto,q_auto/league/b9ribxqudeehvmjlw0va",1065
2025,13,Marcus Mariota,WAS,294,"https://static.www.nfl.com/image/upload/f_auto,q_auto/league/b9ribxqudeehvmjlw0va",1359
2025,14,Marcus Mariota,WAS,30,"https://static.www.nfl.com/image/upload/f_auto,q_auto/league/b9ribxqudeehvmjlw0va",1389
2025,15,Marcus Mariota,WAS,211,"https://static.www.nfl.com/image/upload/f_auto,q_auto/league/b9ribxqudeehvmjlw0va",1600
2025,16,Marcus Mariota,WAS,95,"https://static.www.nfl.com/image/upload/f_auto,q_auto/league/b9ribxqudeehvmjlw0va",1695
2025,2,Mason Rudolph,PIT,12,"https://static.www.nfl.com/image/upload/f_auto,q_auto/league/vaeklpqoesk72mlloora",12
2025,11,Mason Rudolph,PIT,127,"https://static.www.nfl.com/image/upload/f_auto,q_auto/league/vaeklpqoesk72mlloora",139
2025,12,Mason Rudolph,PIT,171,"https://static.www.nfl.com/image/upload/f_auto,q_auto/league/vaeklpqoesk72mlloora",310
2025,18,Matt Haack,ARI,28,"https://static.www.nfl.com/image/upload/f_auto,q_auto/league/q0pk8i0ehgn4bccwbmme",28
2025,1,Matthew Stafford,LA,245,"https://static.www.nfl.com/image/upload/f_auto,q_auto/league/svxl2pk2cuqf26zrhii4",245
2025,2,Matthew Stafford,LA,298,"https://static.www.nfl.com/image/upload/f_auto,q_auto/league/svxl2pk2cuqf26zrhii4",543
2025,3,Matthew Stafford,LA,196,"https://static.www.nfl.com/image/upload/f_auto,q_auto/league/svxl2pk2cuqf26zrhii4",739
2025,4,Matthew Stafford,LA,375,"https://static.www.nfl.com/image/upload/f_auto,q_auto/league/svxl2pk2cuqf26zrhii4",1114
2025,5,Matthew Stafford,LA,389,"https://static.www.nfl.com/image/upload/f_auto,q_auto/league/svxl2pk2cuqf26zrhii4",1503
2025,6,Matthew Stafford,LA,181,"https://static.www.nfl.com/image/upload/f_auto,q_auto/league/svxl2pk2cuqf26zrhii4",1684
2025,7,Matthew Stafford,LA,182,"https://static.www.nfl.com/image/upload/f_auto,q_auto/league/svxl2pk2cuqf26zrhii4",1866
2025,9,Matthew Stafford,LA,281,"https://static.www.nfl.com/image/upload/f_auto,q_auto/league/svxl2pk2cuqf26zrhii4",2147
2025,10,Matthew Stafford,LA,280,"https://static.www.nfl.com/image/upload/f_auto,q_auto/league/svxl2pk2cuqf26zrhii4",2427
2025,11,Matthew Stafford,LA,130,"https://static.www.nfl.com/image/upload/f_auto,q_auto/league/svxl2pk2cuqf26zrhii4",2557
2025,12,Matthew Stafford,LA,273,"https://static.www.nfl.com/image/upload/f_auto,q_auto/league/svxl2pk2cuqf26zrhii4",2830
2025,13,Matthew Stafford,LA,243,"https://static.www.nfl.com/image/upload/f_auto,q_auto/league/svxl2pk2cuqf26zrhii4",3073
2025,14,Matthew Stafford,LA,281,"https://static.www.nfl.com/image/upload/f_auto,q_auto/league/svxl2pk2cuqf26zrhii4",3354
2025,15,Matthew Stafford,LA,368,"https://static.www.nfl.com/image/upload/f_auto,q_auto/league/svxl2pk2cuqf26zrhii4",3722
2025,16,Matthew Stafford,LA,457,"https://static.www.nfl.com/image/upload/f_auto,q_auto/league/svxl2pk2cuqf26zrhii4",4179
2025,17,Matthew Stafford,LA,269,"https://static.www.nfl.com/image/upload/f_auto,q_auto/league/svxl2pk2cuqf26zrhii4",4448
2025,18,Matthew Stafford,LA,259,"https://static.www.nfl.com/image/upload/f_auto,q_auto/league/svxl2pk2cuqf26zrhii4",4707
2025,3,Max Brosmer,MIN,29,"https://static.www.nfl.com/image/upload/f_auto,q_auto/league/sp7hya1uwgvty3grdnjq",29
2025,8,Max Brosmer,MIN,13,"https://static.www.nfl.com/image/upload/f_auto,q_auto/league/sp7hya1uwgvty3grdnjq",42
2025,13,Max Brosmer,MIN,126,"https://static.www.nfl.com/image/upload/f_auto,q_auto/league/sp7hya1uwgvty3grdnjq",168
2025,16,Max Brosmer,MIN,52,"https://static.www.nfl.com/image/upload/f_auto,q_auto/league/sp7hya1uwgvty3grdnjq",220
2025,17,Max Brosmer,MIN,51,"https://static.www.nfl.com/image/upload/f_auto,q_auto/league/sp7hya1uwgvty3grdnjq",271
2025,18,Max Brosmer,MIN,57,"https://static.www.nfl.com/image/upload/f_auto,q_auto/league/sp7hya1uwgvty3grdnjq",328
2025,1,Michael Penix Jr.,ATL,298,"https://static.www.nfl.com/image/upload/f_auto,q_auto/league/azvyjzp2sa8cnljbp3i7",298
2025,2,Michael Penix Jr.,ATL,135,"https://static.www.nfl.com/image/upload/f_auto,q_auto/league/azvyjzp2sa8cnljbp3i7",433
2025,3,Michael Penix Jr.,ATL,172,"https://static.www.nfl.com/image/upload/f_auto,q_auto/league/azvyjzp2sa8cnljbp3i7",605
2025,4,Michael Penix Jr.,ATL,313,"https://static.www.nfl.com/image/upload/f_auto,q_auto/league/azvyjzp2sa8cnljbp3i7",918
2025,6,Michael Penix Jr.,ATL,250,"https://static.www.nfl.com/image/upload/f_auto,q_auto/league/azvyjzp2sa8cnljbp3i7",1168
2025,7,Michael Penix Jr.,ATL,241,"https://static.www.nfl.com/image/upload/f_auto,q_auto/league/azvyjzp2sa8cnljbp3i7",1409
2025,9,Michael Penix Jr.,ATL,221,"https://static.www.nfl.com/image/upload/f_auto,q_auto/league/azvyjzp2sa8cnljbp3i7",1630
2025,10,Michael Penix Jr.,ATL,177,"https://static.www.nfl.com/image/upload/f_auto,q_auto/league/azvyjzp2sa8cnljbp3i7",1807
2025,11,Michael Penix Jr.,ATL,175,"https://static.www.nfl.com/image/upload/f_auto,q_auto/league/azvyjzp2sa8cnljbp3i7",1982
2025,2,Mitchell Trubisky,BUF,32,"https://static.www.nfl.com/image/upload/f_auto,q_auto/league/fw9ec0v5pn3sorobytpb",32
2025,8,Mitchell Trubisky,BUF,22,"https://static.www.nfl.com/image/upload/f_auto,q_auto/league/fw9ec0v5pn3sorobytpb",54
2025,18,Mitchell Trubisky,BUF,259,"https://static.www.nfl.com/image/upload/f_auto,q_auto/league/fw9ec0v5pn3sorobytpb",313
2025,14,Nick Mullens,JAX,3,"https://static.www.nfl.com/image/upload/f_auto,q_auto/league/xrpcaavzkqoq1ybqthgm",3
2025,18,Nick Mullens,JAX,16,"https://static.www.nfl.com/image/upload/f_auto,q_auto/league/xrpcaavzkqoq1ybqthgm",19
2025,1,Patrick Mahomes,KC,258,"https://static.www.nfl.com/image/upload/f_auto,q_auto/league/iireqbn32cpg9fn4sfy7",258
2025,2,Patrick Mahomes,KC,187,"https://static.www.nfl.com/image/upload/f_auto,q_auto/league/iireqbn32cpg9fn4sfy7",445
2025,3,Patrick Mahomes,KC,224,"https://static.www.nfl.com/image/upload/f_auto,q_auto/league/iireqbn32cpg9fn4sfy7",669
2025,4,Patrick Mahomes,KC,270,"https://static.www.nfl.com/image/upload/f_auto,q_auto/league/iireqbn32cpg9fn4sfy7",939
2025,5,Patrick Mahomes,KC,318,"https://static.www.nfl.com/image/upload/f_auto,q_auto/league/iireqbn32cpg9fn4sfy7",1257
2025,6,Patrick Mahomes,KC,257,"https://static.www.nfl.com/image/upload/f_auto,q_auto/league/iireqbn32cpg9fn4sfy7",1514
2025,7,Patrick Mahomes,KC,286,"https://static.www.nfl.com/image/upload/f_auto,q_auto/league/iireqbn32cpg9fn4sfy7",1800
2025,8,Patrick Mahomes,KC,299,"https://static.www.nfl.com/image/upload/f_auto,q_auto/league/iireqbn32cpg9fn4sfy7",2099
2025,9,Patrick Mahomes,KC,250,"https://static.www.nfl.com/image/upload/f_auto,q_auto/league/iireqbn32cpg9fn4sfy7",2349
2025,11,Patrick Mahomes,KC,276,"https://static.www.nfl.com/image/upload/f_auto,q_auto/league/iireqbn32cpg9fn4sfy7",2625
2025,12,Patrick Mahomes,KC,352,"https://static.www.nfl.com/image/upload/f_auto,q_auto/league/iireqbn32cpg9fn4sfy7",2977
2025,13,Patrick Mahomes,KC,261,"https://static.www.nfl.com/image/upload/f_auto,q_auto/league/iireqbn32cpg9fn4sfy7",3238
2025,14,Patrick Mahomes,KC,160,"https://static.www.nfl.com/image/upload/f_auto,q_auto/league/iireqbn32cpg9fn4sfy7",3398
2025,15,Patrick Mahomes,KC,189,"https://static.www.nfl.com/image/upload/f_auto,q_auto/league/iireqbn32cpg9fn4sfy7",3587
2025,15,Philip Rivers,IND,120,"https://static.www.nfl.com/image/private/f_auto,q_auto/league/voakyrtj34sghkwxaxxf",120
2025,16,Philip Rivers,IND,277,"https://static.www.nfl.com/image/private/f_auto,q_auto/league/voakyrtj34sghkwxaxxf",397
2025,17,Philip Rivers,IND,147,"https://static.www.nfl.com/image/private/f_auto,q_auto/league/voakyrtj34sghkwxaxxf",544
2025,7,Quinn Ewers,MIA,53,"https://static.www.nfl.com/image/upload/f_auto,q_auto/league/wikumn4ijbsxyuhtv1vz",53
2025,16,Quinn Ewers,MIA,260,"https://static.www.nfl.com/image/upload/f_auto,q_auto/league/wikumn4ijbsxyuhtv1vz",313
2025,17,Quinn Ewers,MIA,172,"https://static.www.nfl.com/image/upload/f_auto,q_auto/league/wikumn4ijbsxyuhtv1vz",485
2025,18,Quinn Ewers,MIA,137,"https://static.www.nfl.com/image/upload/f_auto,q_auto/league/wikumn4ijbsxyuhtv1vz",622
2025,18,Rigoberto Sanchez,IND,16,"https://static.www.nfl.com/image/upload/f_auto,q_auto/league/io2gctkkefyopm7m7mnj",16
2025,14,Riley Leonard,IND,145,"https://static.www.nfl.com/image/upload/f_auto,q_auto/league/vzdcrhp4p5kjmuhn7yay",145
2025,18,Riley Leonard,IND,270,"https://static.www.nfl.com/image/upload/f_auto,q_auto/league/vzdcrhp4p5kjmuhn7yay",415
2025,1,Russell Wilson,NYG,168,"https://static.www.nfl.com/image/upload/f_auto,q_auto/league/vkstxj0evgkjiycu4glc",168
2025,2,Russell Wilson,NYG,450,"https://static.www.nfl.com/image/upload/f_auto,q_auto/league/vkstxj0evgkjiycu4glc",618
2025,3,Russell Wilson,NYG,160,"https://static.www.nfl.com/image/upload/f_auto,q_auto/league/vkstxj0evgkjiycu4glc",778
2025,4,Russell Wilson,NYG,8,"https://static.www.nfl.com/image/upload/f_auto,q_auto/league/vkstxj0evgkjiycu4glc",786
2025,10,Russell Wilson,NYG,45,"https://static.www.nfl.com/image/upload/f_auto,q_auto/league/vkstxj0evgkjiycu4glc",831
2025,1,Sam Darnold,SEA,150,"https://static.www.nfl.com/image/upload/f_auto,q_auto/league/s5t8m6bhedjwwtfw3ild",150
2025,2,Sam Darnold,SEA,295,"https://static.www.nfl.com/image/upload/f_auto,q_auto/league/s5t8m6bhedjwwtfw3ild",445
2025,3,Sam Darnold,SEA,218,"https://static.www.nfl.com/image/upload/f_auto,q_auto/league/s5t8m6bhedjwwtfw3ild",663
2025,4,Sam Darnold,SEA,242,"https://static.www.nfl.com/image/upload/f_auto,q_auto/league/s5t8m6bhedjwwtfw3ild",905
2025,5,Sam Darnold,SEA,341,"https://static.www.nfl.com/image/upload/f_auto,q_auto/league/s5t8m6bhedjwwtfw3ild",1246
2025,6,Sam Darnold,SEA,295,"https://static.www.nfl.com/image/upload/f_auto,q_auto/league/s5t8m6bhedjwwtfw3ild",1541
2025,7,Sam Darnold,SEA,213,"https://static.www.nfl.com/image/upload/f_auto,q_auto/league/s5t8m6bhedjwwtfw3ild",1754
2025,9,Sam Darnold,SEA,330,"https://static.www.nfl.com/image/upload/f_auto,q_auto/league/s5t8m6bhedjwwtfw3ild",2084
2025,10,Sam Darnold,SEA,178,"https://static.www.nfl.com/image/upload/f_auto,q_auto/league/s5t8m6bhedjwwtfw3ild",2262
2025,11,Sam Darnold,SEA,279,"https://static.www.nfl.com/image/upload/f_auto,q_auto/league/s5t8m6bhedjwwtfw3ild",2541
2025,12,Sam Darnold,SEA,244,"https://static.www.nfl.com/image/upload/f_auto,q_auto/league/s5t8m6bhedjwwtfw3ild",2785
2025,13,Sam Darnold,SEA,128,"https://static.www.nfl.com/image/upload/f_auto,q_auto/league/s5t8m6bhedjwwtfw3ild",2913
2025,14,Sam Darnold,SEA,249,"https://static.www.nfl.com/image/upload/f_auto,q_auto/league/s5t8m6bhedjwwtfw3ild",3162
2025,15,Sam Darnold,SEA,271,"https://static.www.nfl.com/image/upload/f_auto,q_auto/league/s5t8m6bhedjwwtfw3ild",3433
2025,16,Sam Darnold,SEA,270,"https://static.www.nfl.com/image/upload/f_auto,q_auto/league/s5t8m6bhedjwwtfw3ild",3703
2025,17,Sam Darnold,SEA,147,"https://static.www.nfl.com/image/upload/f_auto,q_auto/league/s5t8m6bhedjwwtfw3ild",3850
2025,18,Sam Darnold,SEA,198,"https://static.www.nfl.com/image/upload/f_auto,q_auto/league/s5t8m6bhedjwwtfw3ild",4048
2025,18,Shane Buechele,KC,88,"https://static.www.nfl.com/image/upload/f_auto,q_auto/league/f8debemuxxzrosthavuu",88
2025,11,Shedeur Sanders,CLE,47,"https://static.www.nfl.com/image/upload/f_auto,q_auto/league/joe08hz6to2madpko8zl",47
2025,12,Shedeur Sanders,CLE,209,"https://static.www.nfl.com/image/upload/f_auto,q_auto/league/joe08hz6to2madpko8zl",256
2025,13,Shedeur Sanders,CLE,149,"https://static.www.nfl.com/image/upload/f_auto,q_auto/league/joe08hz6to2madpko8zl",405
2025,14,Shedeur Sanders,CLE,364,"https://static.www.nfl.com/image/upload/f_auto,q_auto/league/joe08hz6to2madpko8zl",769
2025,15,Shedeur Sanders,CLE,177,"https://static.www.nfl.com/image/upload/f_auto,q_auto/league/joe08hz6to2madpko8zl",946
2025,16,Shedeur Sanders,CLE,157,"https://static.www.nfl.com/image/upload/f_auto,q_auto/league/joe08hz6to2madpko8zl",1103
2025,17,Shedeur Sanders,CLE,186,"https://static.www.nfl.com/image/upload/f_auto,q_auto/league/joe08hz6to2madpko8zl",1289
2025,18,Shedeur Sanders,CLE,111,"https://static.www.nfl.com/image/upload/f_auto,q_auto/league/joe08hz6to2madpko8zl",1400
2025,1,Spencer Rattler,NO,214,"https://static.www.nfl.com/image/upload/f_auto,q_auto/league/uridusydmg6brwrmpmq6",214
2025,2,Spencer Rattler,NO,207,"https://static.www.nfl.com/image/upload/f_auto,q_auto/league/uridusydmg6brwrmpmq6",421
2025,3,Spencer Rattler,NO,218,"https://static.www.nfl.com/image/upload/f_auto,q_auto/league/uridusydmg6brwrmpmq6",639
2025,4,Spencer Rattler,NO,126,"https://static.www.nfl.com/image/upload/f_auto,q_auto/league/uridusydmg6brwrmpmq6",765
2025,5,Spencer Rattler,NO,225,"https://static.www.nfl.com/image/upload/f_auto,q_auto/league/uridusydmg6brwrmpmq6",990
2025,6,Spencer Rattler,NO,227,"https://static.www.nfl.com/image/upload/f_auto,q_auto/league/uridusydmg6brwrmpmq6",1217
2025,7,Spencer Rattler,NO,233,"https://static.www.nfl.com/image/upload/f_auto,q_auto/league/uridusydmg6brwrmpmq6",1450
2025,8,Spencer Rattler,NO,136,"https://static.www.nfl.com/image/upload/f_auto,q_auto/league/uridusydmg6brwrmpmq6",1586
2025,15,Tanner McKee,PHI,33,"https://static.www.nfl.com/image/upload/f_auto,q_auto/league/oveivzhzv13jrfvkp8zg",33
2025,18,Tanner McKee,PHI,241,"https://static.www.nfl.com/image/upload/f_auto,q_auto/league/oveivzhzv13jrfvkp8zg",274
2025,5,Taysom Hill,NO,19,"https://static.www.nfl.com/image/upload/f_auto,q_auto/league/q8itjlocg5do60qat4l3",19
2025,16,Taysom Hill,NO,38,"https://static.www.nfl.com/image/upload/f_auto,q_auto/league/q8itjlocg5do60qat4l3",57
2025,12,Teddy Bridgewater,TB,62,"https://static.www.nfl.com/image/upload/f_auto,q_auto/league/wggyfg1dgyiwcgxafoen",62
2025,1,Trevor Lawrence,JAX,178,"https://static.www.nfl.com/image/upload/f_auto,q_auto/league/d75srntioly7fq0z8vip",178
2025,2,Trevor Lawrence,JAX,271,"https://static.www.nfl.com/image/upload/f_auto,q_auto/league/d75srntioly7fq0z8vip",449
2025,3,Trevor Lawrence,JAX,222,"https://static.www.nfl.com/image/upload/f_auto,q_auto/league/d75srntioly7fq0z8vip",671
2025,4,Trevor Lawrence,JAX,174,"https://static.www.nfl.com/image/upload/f_auto,q_auto/league/d75srntioly7fq0z8vip",845
2025,5,Trevor Lawrence,JAX,221,"https://static.www.nfl.com/image/upload/f_auto,q_auto/league/d75srntioly7fq0z8vip",1066
2025,6,Trevor Lawrence,JAX,258,"https://static.www.nfl.com/image/upload/f_auto,q_auto/league/d75srntioly7fq0z8vip",1324
2025,7,Trevor Lawrence,JAX,296,"https://static.www.nfl.com/image/upload/f_auto,q_auto/league/d75srntioly7fq0z8vip",1620
2025,9,Trevor Lawrence,JAX,220,"https://static.www.nfl.com/image/upload/f_auto,q_auto/league/d75srntioly7fq0z8vip",1840
2025,10,Trevor Lawrence,JAX,158,"https://static.www.nfl.com/image/upload/f_auto,q_auto/league/d75srntioly7fq0z8vip",1998
2025,11,Trevor Lawrence,JAX,153,"https://static.www.nfl.com/image/upload/f_auto,q_auto/league/d75srntioly7fq0z8vip",2151
2025,12,Trevor Lawrence,JAX,256,"https://static.www.nfl.com/image/upload/f_auto,q_auto/league/d75srntioly7fq0z8vip",2407
2025,13,Trevor Lawrence,JAX,229,"https://static.www.nfl.com/image/upload/f_auto,q_auto/league/d75srntioly7fq0z8vip",2636
2025,14,Trevor Lawrence,JAX,244,"https://static.www.nfl.com/image/upload/f_auto,q_auto/league/d75srntioly7fq0z8vip",2880
2025,15,Trevor Lawrence,JAX,330,"https://static.www.nfl.com/image/upload/f_auto,q_auto/league/d75srntioly7fq0z8vip",3210
2025,16,Trevor Lawrence,JAX,279,"https://static.www.nfl.com/image/upload/f_auto,q_auto/league/d75srntioly7fq0z8vip",3489
2025,17,Trevor Lawrence,JAX,263,"https://static.www.nfl.com/image/upload/f_auto,q_auto/league/d75srntioly7fq0z8vip",3752
2025,18,Trevor Lawrence,JAX,255,"https://static.www.nfl.com/image/upload/f_auto,q_auto/league/d75srntioly7fq0z8vip",4007
2025,5,Trey Lance,LAC,44,"https://static.www.nfl.com/image/upload/f_auto,q_auto/league/gu6ewpdscaswlet6pbq0",44
2025,11,Trey Lance,LAC,37,"https://static.www.nfl.com/image/upload/f_auto,q_auto/league/gu6ewpdscaswlet6pbq0",81
2025,13,Trey Lance,LAC,9,"https://static.www.nfl.com/image/upload/f_auto,q_auto/league/gu6ewpdscaswlet6pbq0",90
2025,18,Trey Lance,LAC,136,"https://static.www.nfl.com/image/upload/f_auto,q_auto/league/gu6ewpdscaswlet6pbq0",226
2025,1,Tua Tagovailoa,MIA,114,"https://static.www.nfl.com/image/upload/f_auto,q_auto/league/ktqj3s5vofexl2dwrrp4",114
2025,2,Tua Tagovailoa,MIA,315,"https://static.www.nfl.com/image/upload/f_auto,q_auto/league/ktqj3s5vofexl2dwrrp4",429
2025,3,Tua Tagovailoa,MIA,146,"https://static.www.nfl.com/image/upload/f_auto,q_auto/league/ktqj3s5vofexl2dwrrp4",575
2025,4,Tua Tagovailoa,MIA,177,"https://static.www.nfl.com/image/upload/f_auto,q_auto/league/ktqj3s5vofexl2dwrrp4",752
2025,5,Tua Tagovailoa,MIA,256,"https://static.www.nfl.com/image/upload/f_auto,q_auto/league/ktqj3s5vofexl2dwrrp4",1008
2025,6,Tua Tagovailoa,MIA,205,"https://static.www.nfl.com/image/upload/f_auto,q_auto/league/ktqj3s5vofexl2dwrrp4",1213
2025,7,Tua Tagovailoa,MIA,100,"https://static.www.nfl.com/image/upload/f_auto,q_auto/league/ktqj3s5vofexl2dwrrp4",1313
2025,8,Tua Tagovailoa,MIA,205,"https://static.www.nfl.com/image/upload/f_auto,q_auto/league/ktqj3s5vofexl2dwrrp4",1518
2025,9,Tua Tagovailoa,MIA,261,"https://static.www.nfl.com/image/upload/f_auto,q_auto/league/ktqj3s5vofexl2dwrrp4",1779
2025,10,Tua Tagovailoa,MIA,173,"https://static.www.nfl.com/image/upload/f_auto,q_auto/league/ktqj3s5vofexl2dwrrp4",1952
2025,11,Tua Tagovailoa,MIA,171,"https://static.www.nfl.com/image/upload/f_auto,q_auto/league/ktqj3s5vofexl2dwrrp4",2123
2025,13,Tua Tagovailoa,MIA,157,"https://static.www.nfl.com/image/upload/f_auto,q_auto/league/ktqj3s5vofexl2dwrrp4",2280
2025,14,Tua Tagovailoa,MIA,127,"https://static.www.nfl.com/image/upload/f_auto,q_auto/league/ktqj3s5vofexl2dwrrp4",2407
2025,15,Tua Tagovailoa,MIA,253,"https://static.www.nfl.com/image/upload/f_auto,q_auto/league/ktqj3s5vofexl2dwrrp4",2660
2025,6,Tyler Huntley,BAL,68,"https://static.www.nfl.com/image/upload/f_auto,q_auto/league/zqrzxwprqfsh4t4aa8lk",68
2025,8,Tyler Huntley,BAL,186,"https://static.www.nfl.com/image/upload/f_auto,q_auto/league/zqrzxwprqfsh4t4aa8lk",254
2025,16,Tyler Huntley,BAL,65,"https://static.www.nfl.com/image/upload/f_auto,q_auto/league/zqrzxwprqfsh4t4aa8lk",319
2025,17,Tyler Huntley,BAL,107,"https://static.www.nfl.com/image/upload/f_auto,q_auto/league/zqrzxwprqfsh4t4aa8lk",426
2025,8,Tyler Shough,NO,128,"https://static.www.nfl.com/image/upload/f_auto,q_auto/league/wsrkib8qgwtb2t2ugaru",128
2025,9,Tyler Shough,NO,176,"https://static.www.nfl.com/image/upload/f_auto,q_auto/league/wsrkib8qgwtb2t2ugaru",304
2025,10,Tyler Shough,NO,282,"https://static.www.nfl.com/image/upload/f_auto,q_auto/league/wsrkib8qgwtb2t2ugaru",586
2025,12,Tyler Shough,NO,243,"https://static.www.nfl.com/image/upload/f_auto,q_auto/league/wsrkib8qgwtb2t2ugaru",829
2025,13,Tyler Shough,NO,239,"https://static.www.nfl.com/image/upload/f_auto,q_auto/league/wsrkib8qgwtb2t2ugaru",1068
2025,14,Tyler Shough,NO,144,"https://static.www.nfl.com/image/upload/f_auto,q_auto/league/wsrkib8qgwtb2t2ugaru",1212
2025,15,Tyler Shough,NO,272,"https://static.www.nfl.com/image/upload/f_auto,q_auto/league/wsrkib8qgwtb2t2ugaru",1484
2025,16,Tyler Shough,NO,308,"https://static.www.nfl.com/image/upload/f_auto,q_auto/league/wsrkib8qgwtb2t2ugaru",1792
2025,17,Tyler Shough,NO,333,"https://static.www.nfl.com/image/upload/f_auto,q_auto/league/wsrkib8qgwtb2t2ugaru",2125
2025,18,Tyler Shough,NO,259,"https://static.www.nfl.com/image/upload/f_auto,q_auto/league/wsrkib8qgwtb2t2ugaru",2384
2025,2,Tyrod Taylor,NYJ,56,"https://static.www.nfl.com/image/upload/f_auto,q_auto/league/nqpyumxuo0e9sitk0a0o",56
2025,3,Tyrod Taylor,NYJ,197,"https://static.www.nfl.com/image/upload/f_auto,q_auto/league/nqpyumxuo0e9sitk0a0o",253
2025,7,Tyrod Taylor,NYJ,126,"https://static.www.nfl.com/image/upload/f_auto,q_auto/league/nqpyumxuo0e9sitk0a0o",379
2025,12,Tyrod Taylor,NYJ,222,"https://static.www.nfl.com/image/upload/f_auto,q_auto/league/nqpyumxuo0e9sitk0a0o",601
2025,13,Tyrod Taylor,NYJ,172,"https://static.www.nfl.com/image/upload/f_auto,q_auto/league/nqpyumxuo0e9sitk0a0o",773
2025,14,Tyrod Taylor,NYJ,6,"https://static.www.nfl.com/image/upload/f_auto,q_auto/league/nqpyumxuo0e9sitk0a0o",779
2025,2,Tyson Bagent,CHI,27,"https://static.www.nfl.com/image/upload/f_auto,q_auto/league/kfwnayxjfnbfs3sm5a21",27
2025,9,Tyson Bagent,CHI,20,"https://static.www.nfl.com/image/upload/f_auto,q_auto/league/kfwnayxjfnbfs3sm5a21",47
2025,1,Zach Wilson,MIA,32,"https://static.www.nfl.com/image/upload/f_auto,q_auto/league/i17xpbsar7evcypbhtel",32
