season,player,team,pass_yards
1999,Troy Aikman,DAL,2964
1999,Tony Banks,BAL,2136
1999,Charlie Batch,DET,1957
1999,Steve Beuerlein,CAR,4436
1999,Jeff Blake,CIN,2670
1999,Drew Bledsoe,NE,3985
1999,Steve Bono,,0
1999,Bubby Brister,DEN,87
1999,Dave Brown,ARI,944
1999,Mark Brunell,JAX,3060
1999,Stoney Case,BAL,988
1999,Chris Chandler,ATL,2339
1999,Kerry Collins,NYG,2318
1999,Tim Couch,CLE,2447
1999,Scott Covington,CIN,23
1999,Daunte Culpepper,MIN,0
1999,Randall Cunningham,MIN,1475
1999,Jake Delhomme,NO,521
1999,Koy Detmer,PHI,181
1999,Ty Detmer,CLE,548
1999,Trent Dilfer,TB,1619
1999,Brett Favre,GB,4091
1999,Jay Fiedler,JAX,656
1999,Doug Flutie,BUF,3171
1999,Glenn Foley,SEA,283
1999,Gus Frerotte,DET,2117
1999,John Friesz,NE,0
1999,Rich Gannon,OAK,3840
1999,Jeff Garcia,SF,2544
1999,Jason Garrett,DAL,314
1999,Jeff George,MIN,2816
1999,Joe Germaine,STL,136
1999,Pete Gonzalez,PIT,8
1999,Kent Graham,NYG,1697
1999,Tony Graziani,ATL,759
1999,Elvis Grbac,KC,3389
1999,Chris Greisen,ARI,4
1999,Brian Griese,DEN,3032
1999,Jim Harbaugh,SD,2761
1999,Matt Hasselbeck,GB,41
1999,Billy Joe Hobert,NO,970
1999,Bobby Hoying,OAK,10
1999,Damon Huard,MIA,1288
1999,Brad Johnson,WAS,4005
1999,Rob Johnson,BUF,298
1999,Paul Justin,STL,91
1999,Danny Kanell,ATL,593
1999,Shaun King,TB,875
1999,Jon Kitna,SEA,3346
1999,Erik Kramer,SD,788
1999,Jeff Lewis,CAR,11
1999,Ray Lucas,NYJ,1678
1999,Peyton Manning,IND,4135
1999,Dan Marino,MIA,2448
1999,Shane Matthews,CHI,1645
1999,Donovan McNabb,PHI,948
1999,Steve McNair,TEN,2179
1999,Cade McNown,CHI,1465
1999,Chris Miller,DEN,527
1999,Jim Miller,CHI,1242
1999,Rick Mirer,NYJ,1062
1999,Scott Mitchell,BAL,48
1999,Warren Moon,KC,20
1999,Moses Moreno,SD,78
1999,Neil O'Donnell,TEN,1382
1999,Doug Pederson,PHI,1276
1999,Rodney Peete,WAS,107
1999,Jake Plummer,ARI,2111
1999,Akili Smith,CIN,805
1999,Steve Stenstrom,SF,536
1999,Kordell Stewart,PIT,1464
1999,Vinny Testaverde,NYJ,96
1999,Billy Joe Tolliver,NO,1916
1999,Mike Tomczak,PIT,1625
1999,Alex Van Pelt,BUF,9
1999,Steve Walsh,IND,47
1999,Kurt Warner,STL,4044
1999,Casey Weldon,WAS,0
1999,Danny Wuerffel,NO,191
1999,Steve Young,SF,446
1999,Eric Zeier,TB,270
1999,Scott Zolak,MIA,0
2000,Troy Aikman,DAL,1632
2000,Tony Banks,BAL,1578
2000,Charlie Batch,DET,2489
2000,Steve Beuerlein,CAR,3730
2000,Michael Bishop,NE,80
2000,Jeff Blake,NO,2025
2000,Drew Bledsoe,NE,3291
2000,Bubby Brister,MIN,82
2000,Aaron Brooks,NO,1514
2000,Dave Brown,ARI,467
2000,Mark Brunell,JAX,3640
2000,Stoney Case,DET,503
2000,Chris Chandler,ATL,2236
2000,Kerry Collins,NYG,3610
2000,Tim Couch,CLE,1483
2000,Dameyune Craig,CAR,0
2000,Daunte Culpepper,MIN,3937
2000,Randall Cunningham,DAL,849
2000,Koy Detmer,PHI,0
2000,Trent Dilfer,BAL,1502
2000,Brett Favre,GB,3812
2000,Jay Fiedler,MIA,2260
2000,Doug Flutie,BUF,1656
2000,Gus Frerotte,DEN,1776
2000,John Friesz,NE,66
2000,Rich Gannon,OAK,3430
2000,Jeff Garcia,SF,4278
2000,Jason Garrett,NYG,0
2000,Jeff George,WAS,1389
2000,Kent Graham,PIT,878
2000,Elvis Grbac,KC,3934
2000,Trent Green,STL,2063
2000,Chris Greisen,ARI,65
2000,Brian Griese,DEN,2688
2000,Jim Harbaugh,SD,1416
2000,Mark Hartsell,CHI,0
2000,Matt Hasselbeck,GB,104
2000,Bobby Hoying,OAK,0
2000,Brock Huard,SEA,540
2000,Damon Huard,MIA,318
2000,Brad Johnson,WAS,2505
2000,Rob Johnson,BUF,1947
2000,Danny Kanell,ATL,524
2000,Shaun King,TB,2769
2000,Jon Kitna,SEA,2658
2000,Ryan Leaf,SD,1821
2000,Jeff Lewis,CAR,120
2000,Ray Lucas,NYJ,206
2000,Peyton Manning,IND,4413
2000,Jamie Martin,JAX,307
2000,Shane Matthews,CHI,964
2000,Donovan McNabb,PHI,3365
2000,Steve McNair,TEN,2847
2000,Cade McNown,CHI,1646
2000,Jim Miller,CHI,382
2000,Rick Mirer,SF,126
2000,Scott Mitchell,CIN,966
2000,Warren Moon,KC,208
2000,Moses Moreno,SD,134
2000,Neil O'Donnell,TEN,530
2000,Doug Pederson,CLE,1047
2000,Jake Plummer,ARI,2946
2000,Jonathan Quinn,JAX,0
2000,Akili Smith,CIN,1253
2000,Kordell Stewart,PIT,1860
2000,Vinny Testaverde,NYJ,3732
2000,Alex Van Pelt,BUF,67
2000,Kurt Warner,STL,3429
2000,Anthony Wright,DAL,237
2000,Danny Wuerffel,GB,0
2000,Eric Zeier,TB,19
2000,Doug Johnson,ATL,406
2000,Travis Brown,SEA,0
2000,Kevin Thompson,CLE,8
2000,Clint Stoerner,DAL,53
2000,Spergon Wynn,CLE,167
2000,Chad Pennington,NYJ,67
2000,Joe Hamilton,TB,0
2000,Tom Brady,NE,6
2000,Todd Husak,WAS,-2
2000,Tim Rattay,SF,-4
2000,Jarious Jackson,DEN,0
2000,Chris Redman,BAL,19
2001,Tony Banks,WAS,2386
2001,Charlie Batch,DET,2392
2001,Jeff Blake,NO,0
2001,Drew Bledsoe,NE,400
2001,Todd Bouman,MIN,795
2001,Aaron Brooks,NO,3832
2001,Mark Brunell,JAC,3309
2001,Chris Chandler,ATL,2847
2001,Kerry Collins,NYG,3764
2001,Todd Collins,KC,40
2001,Tim Couch,CLE,3040
2001,Dameyune Craig,CAR,34
2001,Daunte Culpepper,MIN,2612
2001,Randall Cunningham,BAL,573
2001,Koy Detmer,PHI,51
2001,Ty Detmer,DET,906
2001,Trent Dilfer,SEA,1014
2001,Brett Favre,GB,3921
2001,Jay Fiedler,MIA,3248
2001,Doug Flutie,SD,3464
2001,Gus Frerotte,DEN,308
2001,Rich Gannon,OAK,3828
2001,Jeff Garcia,SF,3538
2001,Jeff George,WAS,168
2001,Kent Graham,WAS,131
2001,Elvis Grbac,BAL,3033
2001,Trent Green,KC,3783
2001,Brian Griese,DEN,2827
2001,Matt Hasselbeck,SEA,2023
2001,Kelly Holcomb,CLE,114
2001,Brock Huard,SEA,127
2001,Brad Johnson,TB,3406
2001,Rob Johnson,BUF,1465
2001,Shaun King,TB,210
2001,Jon Kitna,CIN,3216
2001,Ryan Leaf,DAL,494
2001,Ray Lucas,MIA,45
2001,Matt Lytle,CAR,133
2001,Tommy Maddox,PIT,154
2001,Peyton Manning,IND,4131
2001,Jamie Martin,STL,22
2001,Shane Matthews,CHI,694
2001,Donovan McNabb,PHI,3233
2001,Steve McNair,TEN,3350
2001,Jim Miller,CHI,2299
2001,Scott Mitchell,CIN,38
2001,Neil O'Donnell,TEN,496
2001,Doug Pederson,GB,0
2001,Jake Plummer,ARI,3653
2001,Jonathan Quinn,JAC,361
2001,Mark Rypien,IND,57
2001,Akili Smith,CIN,37
2001,Kordell Stewart,PIT,3109
2001,Vinny Testaverde,NYJ,2752
2001,Alex Van Pelt,BUF,2056
2001,Kurt Warner,STL,4830
2001,Anthony Wright,DAL,529
2001,Danny Wuerffel,CHI,0
2001,Billy Volek,TEN,0
2001,Doug Johnson,ATL,23
2001,Travis Brown,BUF,201
2001,Clint Stoerner,DAL,314
2001,Spergon Wynn,MIN,418
2001,Chad Pennington,NYJ,92
2001,Tom Brady,NE,2843
2001,Tim Rattay,SF,21
2001,Tee Martin,PIT,0
2001,Jarious Jackson,DEN,73
2001,Tory Woodbury,NYJ,0
2001,Mike Vick,ATL,785
2001,A.J. Feeley,PHI,143
2001,Mike McMahon,DET,671
2001,Quincy Carter,DAL,1072
2001,Marques Tuiasosopo,OAK,34
2001,Chris Weinke,CAR,2931
2001,Drew Brees,SD,221
2002,Steve Beuerlein,DEN,925
2002,Jeff Blake,BAL,2084
2002,Drew Bledsoe,BUF,4359
2002,Todd Bouman,MIN,85
2002,Aaron Brooks,NO,3572
2002,Mark Brunell,TEN,2788
2002,Chris Chandler,CHI,1023
2002,Kerry Collins,NYG,4073
2002,Todd Collins,KC,73
2002,Tim Couch,CLE,2842
2002,Scott Covington,STL,7
2002,Daunte Culpepper,MIN,3853
2002,Jake Delhomme,NO,113
2002,Koy Detmer,PHI,224
2002,Trent Dilfer,SEA,1182
2002,Brett Favre,GB,3658
2002,Jay Fiedler,MIA,2024
2002,Doug Flutie,SD,64
2002,Gus Frerotte,CIN,437
2002,Rich Gannon,OAK,4689
2002,Jeff Garcia,SF,3344
2002,Trent Green,KC,3690
2002,Brian Griese,DEN,3214
2002,Matt Hasselbeck,SEA,3075
2002,Kelly Holcomb,CLE,790
2002,Damon Huard,NE,0
2002,Brad Johnson,TB,3049
2002,Rob Johnson,TB,536
2002,Shaun King,TB,80
2002,Jon Kitna,CIN,3178
2002,Ray Lucas,MIA,1045
2002,Tommy Maddox,PIT,2836
2002,Peyton Manning,IND,4200
2002,Jamie Martin,STL,1216
2002,Shane Matthews,WAS,1251
2002,Donovan McNabb,PHI,2289
2002,Steve McNair,TEN,3387
2002,Jim Miller,CHI,1944
2002,Neil O'Donnell,TEN,24
2002,Doug Pederson,GB,134
2002,Rodney Peete,CAR,2630
2002,Jake Plummer,ARI,2972
2002,Jonathan Quinn,KC,0
2002,Cory Sauter,CHI,59
2002,Akili Smith,CIN,117
2002,Kordell Stewart,PIT,1155
2002,Vinny Testaverde,NYJ,499
2002,Alex Van Pelt,BUF,5
2002,Kurt Warner,STL,1431
2002,Danny Wuerffel,WAS,719
2002,Doug Johnson,ATL,448
2002,Chad Pennington,NYJ,3120
2002,Tom Brady,NE,3764
2002,Marc Bulger,STL,1826
2002,Tim Rattay,SF,232
2002,Chris Redman,BAL,1034
2002,Henry Burris,CHI,207
2002,Tory Woodbury,NYJ,0
2002,Mike Vick,ATL,2936
2002,A.J. Feeley,PHI,1011
2002,Mike McMahon,DET,874
2002,Quincy Carter,DAL,1465
2002,Marques Tuiasosopo,OAK,0
2002,Chris Weinke,CAR,180
2002,Sage Rosenfels,MIA,0
2002,Jesse Palmer,NYG,30
2002,Drew Brees,SD,3284
2002,Chad Hutchinson,DAL,1555
2002,David Carr,HOU,2592
2002,Joey Harrington,DET,2294
2002,Josh McCown,ARI,66
2002,David Garrard,JAC,231
2002,Rohan Davey,NE,3
2002,Randy Fasani,CAR,171
2002,Patrick Ramsey,WAS,1539
2003,Tony Banks,HOU,693
2003,Charlie Batch,PIT,47
2003,Steve Beuerlein,DEN,389
2003,Jeff Blake,ARI,2252
2003,Drew Bledsoe,BUF,2860
2003,Todd Bouman,NO,81
2003,Aaron Brooks,NO,3546
2003,Mark Brunell,JAX,484
2003,Chris Chandler,CHI,1050
2003,Kerry Collins,NYG,3110
2003,Todd Collins,KC,74
2003,Tim Couch,CLE,1319
2003,Daunte Culpepper,MIN,3479
2003,Jake Delhomme,CAR,3219
2003,Koy Detmer,PHI,32
2003,Trent Dilfer,SEA,31
2003,Brett Favre,GB,3361
2003,Jay Fiedler,MIA,2138
2003,Doug Flutie,LAC,1097
2003,Gus Frerotte,MIN,690
2003,Rich Gannon,LV,1270
2003,Jeff Garcia,SF,2704
2003,Trent Green,KC,4039
2003,Brian Griese,MIA,813
2003,Matt Hasselbeck,SEA,3844
2003,Kelly Holcomb,CLE,1797
2003,Brock Huard,IND,22
2003,Damon Huard,NE,0
2003,Brad Johnson,TB,3821
2003,Rob Johnson,LV,93
2003,Danny Kanell,DEN,442
2003,Shaun King,TB,130
2003,Jon Kitna,CIN,3605
2003,Tommy Maddox,PIT,3414
2003,Peyton Manning,IND,4267
2003,Donovan McNabb,PHI,3223
2003,Steve McNair,TEN,3246
2003,Rick Mirer,LV,1267
2003,Neil O'Donnell,TEN,232
2003,Doug Pederson,GB,16
2003,Rodney Peete,CAR,19
2003,Jake Plummer,DEN,2183
2003,Kordell Stewart,CHI,1418
2003,Vinny Testaverde,NYJ,1385
2003,Alex Van Pelt,BUF,49
2003,Kurt Warner,LA,365
2003,Anthony Wright,BAL,1199
2003,Billy Volek,TEN,545
2003,Doug Johnson,ATL,1655
2003,Travis Brown,BUF,160
2003,Chad Pennington,NYJ,2139
2003,Tom Brady,NE,3620
2003,Marc Bulger,LA,3845
2003,Tim Rattay,SF,856
2003,Tee Martin,LV,69
2003,Jarious Jackson,DEN,41
2003,Chris Redman,BAL,58
2003,Tim Hasselbeck,WAS,1012
2003,Mike Vick,ATL,585
2003,Mike McMahon,DET,87
2003,Quincy Carter,DAL,3302
2003,Marques Tuiasosopo,LV,324
2003,Sage Rosenfels,MIA,50
2003,Jesse Palmer,NYG,532
2003,Drew Brees,LAC,2108
2003,Chad Hutchinson,DAL,8
2003,David Carr,HOU,2013
2003,Joey Harrington,DET,2880
2003,Josh McCown,ARI,1018
2003,David Garrard,JAX,86
2003,Rohan Davey,NE,31
2003,Kurt Kittner,ATL,391
2003,Patrick Ramsey,WAS,2169
2003,Dave Ragone,HOU,135
2003,Gibran Hamdan,WAS,7
2003,Rex Grossman,CHI,437
2003,Kyle Boller,BAL,1260
2003,Byron Leftwich,JAX,2819
2004,Tony Banks,HOU,16
2004,Jeff Blake,PHI,126
2004,Drew Bledsoe,BUF,2932
2004,Aaron Brooks,NO,3810
2004,Mark Brunell,WAS,1194
2004,Chris Chandler,LA,460
2004,Kerry Collins,LV,3495
2004,Todd Collins,KC,42
2004,Daunte Culpepper,MIN,4717
2004,Jake Delhomme,CAR,3886
2004,Koy Detmer,PHI,207
2004,Trent Dilfer,SEA,333
2004,Brett Favre,GB,4086
2004,Jay Fiedler,MIA,1186
2004,Doug Flutie,LAC,276
2004,Gus Frerotte,MIN,0
2004,Rich Gannon,LV,524
2004,Jeff Garcia,CLE,1731
2004,Trent Green,KC,4589
2004,Brian Griese,TB,2632
2004,Matt Hasselbeck,SEA,3390
2004,Kelly Holcomb,CLE,737
2004,Brad Johnson,TB,674
2004,Shaun King,ARI,502
2004,Jon Kitna,CIN,623
2004,Tommy Maddox,PIT,329
2004,Peyton Manning,IND,4557
2004,Jamie Martin,LA,188
2004,Shane Matthews,BUF,44
2004,Donovan McNabb,PHI,3875
2004,Steve McNair,TEN,1343
2004,Doug Pederson,GB,120
2004,Rodney Peete,CAR,3
2004,Jake Plummer,DEN,4089
2004,Jonathan Quinn,CHI,413
2004,Kordell Stewart,BAL,0
2004,Vinny Testaverde,DAL,3532
2004,Kurt Warner,NYG,2054
2004,Billy Volek,TEN,2485
2004,Doug Johnson,TEN,68
2004,Chad Pennington,NYJ,2673
2004,Tom Brady,NE,3690
2004,Marc Bulger,LA,3964
2004,Tim Rattay,SF,2169
2004,Mike Vick,ATL,2313
2004,A.J. Feeley,MIA,1893
2004,Mike McMahon,DET,77
2004,Quincy Carter,NYJ,498
2004,Sage Rosenfels,MIA,264
2004,Drew Brees,LAC,3159
2004,Chad Hutchinson,CHI,903
2004,David Carr,HOU,3539
2004,Joey Harrington,DET,3047
2004,Josh McCown,ARI,2511
2004,David Garrard,JAX,374
2004,Rohan Davey,NE,54
2004,Craig Nall,GB,314
2004,J.T. O'Sullivan,GB,0
2004,Patrick Ramsey,WAS,1665
2004,Carson Palmer,CIN,2897
2004,Chris Simms,TB,467
2004,Brooks Bollinger,NYJ,60
2004,Ken Dorsey,SF,1231
2004,Brian St. Pierre,PIT,0
2004,Rex Grossman,CHI,607
2004,Kyle Boller,BAL,2559
2004,Byron Leftwich,JAX,2941
2004,Drew Henson,DAL,78
2004,Cody Pickett,SF,55
2004,Jim Sorgi,IND,175
2004,Matt Schaub,ATL,329
2004,Eli Manning,NYG,1043
2004,Craig Krenzel,CHI,718
2004,John Navarre,ARI,168
2004,Luke McCown,CLE,608
2004,J.P. Losman,BUF,32
2004,Ben Roethlisberger,PIT,2621
2004,Philip Rivers,LAC,33
2005,Tony Banks,HOU,173
2005,Charlie Batch,PIT,246
2005,Jeff Blake,CHI,55
2005,Drew Bledsoe,DAL,3639
2005,Todd Bouman,NO,722
2005,Aaron Brooks,NO,2882
2005,Mark Brunell,WAS,3050
2005,Kerry Collins,LV,3759
2005,Todd Collins,KC,0
2005,Daunte Culpepper,MIN,1564
2005,Jake Delhomme,CAR,3421
2005,Koy Detmer,PHI,238
2005,Trent Dilfer,CLE,2321
2005,Brett Favre,GB,3892
2005,Jay Fiedler,NYJ,107
2005,Doug Flutie,NE,29
2005,Gus Frerotte,MIA,2996
2005,Jeff Garcia,DET,937
2005,Trent Green,KC,4014
2005,Brian Griese,TB,1136
2005,Matt Hasselbeck,SEA,3455
2005,Kelly Holcomb,BUF,1509
2005,Brad Johnson,MIN,1885
2005,Jon Kitna,CIN,99
2005,Tommy Maddox,PIT,406
2005,Peyton Manning,IND,3747
2005,Jamie Martin,LA,1277
2005,Donovan McNabb,PHI,2507
2005,Steve McNair,TEN,3161
2005,Jake Plummer,DEN,3366
2005,Kordell Stewart,BAL,0
2005,Vinny Testaverde,NYJ,777
2005,Kurt Warner,ARI,2713
2005,Anthony Wright,BAL,1582
2005,Billy Volek,TEN,474
2005,Chad Pennington,NYJ,530
2005,Tom Brady,NE,4110
2005,Marc Bulger,LA,2297
2005,Tim Rattay,SF,667
2005,Tim Hasselbeck,NYG,0
2005,Mike Vick,ATL,2412
2005,Mike McMahon,PHI,1158
2005,Marques Tuiasosopo,LV,124
2005,Chris Weinke,CAR,64
2005,Sage Rosenfels,MIA,462
2005,Drew Brees,LAC,3576
2005,David Carr,HOU,2488
2005,Quinn Gray,JAX,100
2005,Shaun Hill,MIN,0
2005,Joey Harrington,DET,2021
2005,Josh McCown,ARI,1832
2005,David Garrard,JAX,1117
2005,Patrick Ramsey,WAS,279
2005,Carson Palmer,CIN,3836
2005,Tony Romo,DAL,0
2005,Chris Simms,TB,2035
2005,Brooks Bollinger,NYJ,1558
2005,Kliff Kingsbury,NYJ,17
2005,Ken Dorsey,SF,481
2005,Seneca Wallace,SEA,173
2005,Rex Grossman,CHI,259
2005,Kyle Boller,BAL,1799
2005,Byron Leftwich,JAX,2123
2005,Cody Pickett,SF,140
2005,Jim Sorgi,IND,444
2005,Matt Mauck,TEN,136
2005,Bradlee Van Pelt,DEN,7
2005,Matt Schaub,ATL,495
2005,Eli Manning,NYG,3762
2005,John Navarre,ARI,174
2005,J.P. Losman,BUF,1340
2005,Ben Roethlisberger,PIT,2385
2005,Philip Rivers,LAC,115
2005,Marcus Randall,TEN,0
2005,Alex Smith,SF,875
2005,Aaron Rodgers,GB,65
2005,Charlie Frye,CLE,1002
2005,Kyle Orton,CHI,1869
2005,Dan Orlovsky,DET,63
2005,Matt Cassel,NE,183
2005,Ryan Fitzpatrick,LA,777
2006,Charlie Batch,PIT,477
2006,Drew Bledsoe,DAL,1164
2006,Aaron Brooks,LV,1105
2006,Mark Brunell,WAS,1789
2006,Kerry Collins,TEN,549
2006,Daunte Culpepper,MIA,929
2006,Jake Delhomme,CAR,2805
2006,Brett Favre,GB,3885
2006,Gus Frerotte,LA,27
2006,Jeff Garcia,PHI,1309
2006,Trent Green,KC,1342
2006,Brian Griese,CHI,220
2006,Matt Hasselbeck,SEA,2442
2006,Damon Huard,KC,1878
2006,Brad Johnson,MIN,2750
2006,Jon Kitna,DET,4208
2006,Peyton Manning,IND,4397
2006,Jamie Martin,NO,208
2006,Donovan McNabb,PHI,2612
2006,Steve McNair,BAL,3050
2006,Jake Plummer,DEN,1994
2006,Vinny Testaverde,NE,29
2006,Kurt Warner,ARI,1377
2006,Anthony Wright,CIN,31
2006,Billy Volek,LAC,4
2006,Chad Pennington,NYJ,3352
2006,Tom Brady,NE,3533
2006,Marc Bulger,LA,4301
2006,Tim Rattay,TB,748
2006,Mike Vick,ATL,2474
2006,A.J. Feeley,PHI,342
2006,Marques Tuiasosopo,LV,68
2006,Chris Weinke,CAR,625
2006,Sage Rosenfels,HOU,265
2006,Drew Brees,NO,4424
2006,Cleo Lemon,MIA,412
2006,David Carr,HOU,2765
2006,Quinn Gray,JAX,166
2006,Joey Harrington,MIA,2236
2006,Josh McCown,DET,0
2006,David Garrard,JAX,1735
2006,Patrick Ramsey,NYJ,0
2006,Carson Palmer,CIN,4036
2006,Tony Romo,DAL,2903
2006,Chris Simms,TB,585
2006,Brooks Bollinger,MIN,146
2006,Ken Dorsey,CLE,0
2006,Seneca Wallace,SEA,927
2006,Rex Grossman,CHI,3197
2006,Kyle Boller,BAL,485
2006,Byron Leftwich,JAX,1158
2006,Jared Lorenzen,NYG,0
2006,Matt Schaub,ATL,208
2006,Eli Manning,NYG,3244
2006,J.P. Losman,BUF,3050
2006,Ben Roethlisberger,PIT,3528
2006,Philip Rivers,LAC,3387
2006,Alex Smith,SF,2901
2006,Aaron Rodgers,GB,46
2006,Jason Campbell,WAS,1297
2006,Charlie Frye,CLE,2449
2006,Andrew Walter,LV,1677
2006,Derek Anderson,CLE,793
2006,Matt Cassel,NE,32
2006,Ryan Fitzpatrick,LA,0
2006,Brett Basanez,CAR,56
2006,Vince Young,TEN,2199
2006,Matt Leinart,ARI,2542
2006,Jay Cutler,DEN,1001
2006,Kellen Clemens,NYJ,0
2006,Tarvaris Jackson,MIN,475
2006,Charlie Whitehurst,LAC,0
2006,Brodie Croyle,KC,23
2006,Ingle Martin,GB,0
2006,Bruce Gradkowski,TB,1661
2007,Charlie Batch,PIT,232
2007,Kerry Collins,TEN,531
2007,Todd Collins,WAS,888
2007,Daunte Culpepper,LV,1332
2007,Jake Delhomme,CAR,617
2007,Trent Dilfer,SF,1166
2007,Brett Favre,GB,4157
2007,Gus Frerotte,LA,1014
2007,Jeff Garcia,TB,2440
2007,Trent Green,MIA,987
2007,Brian Griese,CHI,1803
2007,Matt Hasselbeck,SEA,3966
2007,Kelly Holcomb,MIN,511
2007,Damon Huard,KC,2257
2007,Brad Johnson,DAL,79
2007,Jon Kitna,DET,4066
2007,Peyton Manning,IND,4040
2007,Jamie Martin,NO,0
2007,Donovan McNabb,PHI,3324
2007,Steve McNair,BAL,1113
2007,Vinny Testaverde,CAR,936
2007,Kurt Warner,ARI,3409
2007,Anthony Wright,NYG,12
2007,Billy Volek,LAC,6
2007,Chad Pennington,NYJ,1766
2007,Tom Brady,NE,4806
2007,Marc Bulger,LA,2392
2007,Tim Rattay,ARI,164
2007,Chris Redman,ATL,1079
2007,Tim Hasselbeck,ARI,0
2007,A.J. Feeley,PHI,681
2007,Chris Weinke,SF,104
2007,Sage Rosenfels,HOU,1684
2007,Drew Brees,NO,4428
2007,Cleo Lemon,MIA,1773
2007,David Carr,CAR,635
2007,Quinn Gray,JAX,986
2007,Shaun Hill,SF,501
2007,Joey Harrington,ATL,2215
2007,Josh McCown,LV,1151
2007,David Garrard,JAX,2509
2007,Craig Nall,GB,88
2007,J.T. O'Sullivan,DET,148
2007,Patrick Ramsey,DEN,262
2007,Carson Palmer,CIN,4130
2007,Tony Romo,DAL,4211
2007,Brooks Bollinger,MIN,391
2007,Seneca Wallace,SEA,215
2007,Rex Grossman,CHI,1411
2007,Kyle Boller,BAL,1743
2007,Byron Leftwich,ATL,279
2007,Jared Lorenzen,NYG,28
2007,Jim Sorgi,IND,132
2007,Matt Schaub,HOU,2241
2007,Eli Manning,NYG,3336
2007,Luke McCown,TB,1009
2007,J.P. Losman,BUF,1204
2007,Ben Roethlisberger,PIT,3158
2007,Philip Rivers,LAC,3152
2007,Brock Berlin,LA,153
2007,Alex Smith,SF,914
2007,Aaron Rodgers,GB,218
2007,Jason Campbell,WAS,2700
2007,Charlie Frye,CLE,34
2007,Andrew Walter,LV,38
2007,Kyle Orton,CHI,475
2007,Derek Anderson,CLE,3786
2007,Matt Cassel,NE,38
2007,Vince Young,TEN,2546
2007,Matt Leinart,ARI,647
2007,Jay Cutler,DEN,3497
2007,Kellen Clemens,NYJ,1529
2007,Tarvaris Jackson,MIN,1911
2007,Brodie Croyle,KC,1227
2007,Bruce Gradkowski,TB,130
2007,Matt Gutierrez,NE,15
2007,JaMarcus Russell,LV,373
2007,Brady Quinn,CLE,45
2007,Kevin Kolb,PHI,0
2007,John Beck,MIA,559
2007,Trent Edwards,BUF,1630
2007,Troy Smith,BAL,452
2007,Tyler Thigpen,KC,41
2007,Matt Moore,CAR,730
2008,Kerry Collins,TEN,2681
2008,Daunte Culpepper,DET,786
2008,Jake Delhomme,CAR,3284
2008,Brett Favre,NYJ,3472
2008,Gus Frerotte,MIN,2157
2008,Jeff Garcia,TB,2712
2008,Trent Green,LA,525
2008,Brian Griese,TB,1073
2008,Matt Hasselbeck,SEA,1216
2008,Damon Huard,KC,477
2008,Brad Johnson,DAL,427
2008,Jon Kitna,DET,758
2008,Peyton Manning,IND,4002
2008,Donovan McNabb,PHI,3914
2008,Kurt Warner,ARI,4582
2008,Chad Pennington,MIA,3653
2008,Tom Brady,NE,76
2008,Marc Bulger,LA,2727
2008,Marques Tuiasosopo,LV,4
2008,Sage Rosenfels,HOU,1431
2008,Drew Brees,NO,5069
2008,Cleo Lemon,JAX,0
2008,David Carr,NYG,115
2008,Quinn Gray,KC,76
2008,Shaun Hill,SF,2046
2008,Josh McCown,CAR,0
2008,David Garrard,JAX,3620
2008,J.T. O'Sullivan,SF,1678
2008,Patrick Ramsey,DEN,19
2008,Carson Palmer,CIN,736
2008,Tony Romo,DAL,3448
2008,Chris Simms,TEN,7
2008,Brooks Bollinger,DAL,71
2008,Ken Dorsey,CLE,374
2008,Seneca Wallace,SEA,1532
2008,Rex Grossman,CHI,257
2008,Byron Leftwich,PIT,303
2008,Drew Henson,DET,20
2008,Jim Sorgi,IND,178
2008,Matt Schaub,HOU,3043
2008,Eli Manning,NYG,3238
2008,Luke McCown,TB,0
2008,J.P. Losman,BUF,584
2008,Ben Roethlisberger,PIT,3314
2008,Philip Rivers,LAC,4004
2008,Brock Berlin,LA,6
2008,Aaron Rodgers,GB,4038
2008,Jason Campbell,WAS,3245
2008,Charlie Frye,SEA,83
2008,Andrew Walter,LV,204
2008,Kyle Orton,CHI,2979
2008,Dan Orlovsky,DET,1616
2008,Derek Anderson,CLE,1615
2008,Matt Cassel,NE,3693
2008,Ryan Fitzpatrick,CIN,1905
2008,Vince Young,TEN,219
2008,Matt Leinart,ARI,264
2008,Jay Cutler,DEN,4525
2008,Kellen Clemens,NYJ,26
2008,Tarvaris Jackson,MIN,1056
2008,Brodie Croyle,KC,151
2008,Bruce Gradkowski,CLE,26
2008,JaMarcus Russell,LV,2423
2008,Brady Quinn,CLE,518
2008,Kevin Kolb,PHI,144
2008,Drew Stanton,DET,119
2008,Trent Edwards,BUF,2699
2008,Troy Smith,BAL,82
2008,Jordan Palmer,CIN,41
2008,Tyler Thigpen,KC,2608
2008,Matt Ryan,ATL,3440
2008,Joe Flacco,BAL,2971
2008,Chad Henne,MIA,67
2008,Kevin O'Connell,NE,23
2008,Dennis Dixon,PIT,3
2008,Matt Flynn,GB,6
2009,Charlie Batch,PIT,17
2009,Mark Brunell,NO,102
2009,Kerry Collins,TEN,1225
2009,Todd Collins,WAS,144
2009,Daunte Culpepper,DET,945
2009,Jake Delhomme,CAR,2015
2009,Brett Favre,MIN,4202
2009,Jeff Garcia,PHI,0
2009,Matt Hasselbeck,SEA,3029
2009,Peyton Manning,IND,4500
2009,Donovan McNabb,PHI,3553
2009,Kurt Warner,ARI,3758
2009,Billy Volek,LAC,231
2009,Chad Pennington,MIA,413
2009,Tom Brady,NE,4398
2009,Marc Bulger,LA,1469
2009,Chris Redman,ATL,781
2009,Mike Vick,PHI,86
2009,Drew Brees,NO,4388
2009,David Carr,NYG,225
2009,Shaun Hill,SF,943
2009,Josh McCown,CAR,2
2009,David Garrard,JAX,3597
2009,J.T. O'Sullivan,CIN,40
2009,Carson Palmer,CIN,3094
2009,Tony Romo,DAL,4483
2009,Chris Simms,DEN,23
2009,Seneca Wallace,SEA,700
2009,Brian St. Pierre,ARI,12
2009,Rex Grossman,HOU,33
2009,Kyle Boller,LA,899
2009,Byron Leftwich,TB,594
2009,Matt Schaub,HOU,4770
2009,Eli Manning,NYG,4021
2009,Luke McCown,JAX,2
2009,J.P. Losman,LV,0
2009,Ben Roethlisberger,PIT,4328
2009,Philip Rivers,LAC,4254
2009,Alex Smith,SF,2350
2009,Aaron Rodgers,GB,4434
2009,Jason Campbell,WAS,3618
2009,Charlie Frye,LV,581
2009,Kyle Orton,DEN,3802
2009,Derek Anderson,CLE,888
2009,Matt Cassel,KC,2924
2009,Ryan Fitzpatrick,BUF,1422
2009,Vince Young,TEN,1879
2009,Matt Leinart,ARI,435
2009,Jay Cutler,CHI,3666
2009,Kellen Clemens,NYJ,125
2009,Tarvaris Jackson,MIN,201
2009,Brodie Croyle,KC,230
2009,Bruce Gradkowski,LV,1004
2009,Matt Gutierrez,KC,3
2009,JaMarcus Russell,LV,1290
2009,Brady Quinn,CLE,1339
2009,Kevin Kolb,PHI,741
2009,Drew Stanton,DET,259
2009,Trent Edwards,BUF,1169
2009,Troy Smith,BAL,24
2009,Tyler Thigpen,MIA,83
2009,Matt Moore,CAR,1053
2009,Caleb Hanie,CHI,11
2009,Matt Ryan,ATL,2916
2009,Joe Flacco,BAL,3613
2009,Brian Brohm,BUF,146
2009,Chad Henne,MIA,2878
2009,Dennis Dixon,PIT,145
2009,Josh Johnson,TB,685
2009,Matt Flynn,GB,58
2009,Matthew Stafford,DET,2267
2009,Brian Hoyer,NE,142
2009,Mark Sanchez,NYJ,2444
2009,Josh Freeman,TB,1857
2009,Pat White,MIA,0
2009,Keith Null,LA,558
2009,Curtis Painter,IND,83
2010,Charlie Batch,PIT,352
2010,Todd Bouman,JAX,222
2010,Mark Brunell,NYJ,117
2010,Kerry Collins,TEN,1823
2010,Todd Collins,CHI,68
2010,Jake Delhomme,CLE,872
2010,Brett Favre,MIN,2509
2010,Matt Hasselbeck,SEA,2998
2010,Jon Kitna,DAL,2365
2010,Peyton Manning,IND,4700
2010,Donovan McNabb,WAS,3377
2010,Billy Volek,LAC,8
2010,Chad Pennington,MIA,19
2010,Tom Brady,NE,3900
2010,Chris Redman,ATL,20
2010,Mike Vick,PHI,3018
2010,Sage Rosenfels,NYG,0
2010,Drew Brees,NO,4620
2010,David Carr,SF,67
2010,Shaun Hill,DET,2686
2010,David Garrard,JAX,2734
2010,Carson Palmer,CIN,3970
2010,Tony Romo,DAL,1605
2010,Seneca Wallace,CLE,694
2010,Brian St. Pierre,CAR,173
2010,Rex Grossman,WAS,884
2010,Kyle Boller,LV,25
2010,Byron Leftwich,PIT,42
2010,Matt Schaub,HOU,4370
2010,Eli Manning,NYG,4002
2010,Luke McCown,JAX,120
2010,Ben Roethlisberger,PIT,3200
2010,Philip Rivers,LAC,4710
2010,Alex Smith,SF,2370
2010,Aaron Rodgers,GB,3922
2010,Jason Campbell,LV,2387
2010,Kyle Orton,DEN,3652
2010,Derek Anderson,ARI,2065
2010,Matt Cassel,KC,3116
2010,Ryan Fitzpatrick,BUF,2992
2010,Vince Young,TEN,1255
2010,Jay Cutler,CHI,3274
2010,Kellen Clemens,NYJ,6
2010,Tarvaris Jackson,MIN,341
2010,Charlie Whitehurst,SEA,507
2010,Brodie Croyle,KC,38
2010,Bruce Gradkowski,LV,1059
2010,Tyler Palko,KC,35
2010,Kevin Kolb,PHI,1197
2010,Drew Stanton,DET,780
2010,Trent Edwards,JAX,521
2010,Troy Smith,SF,1176
2010,Jordan Palmer,CIN,18
2010,Tyler Thigpen,MIA,435
2010,Matt Moore,CAR,857
2010,Richard Bartel,ARI,150
2010,Caleb Hanie,CHI,55
2010,Matt Ryan,ATL,3705
2010,Joe Flacco,BAL,3622
2010,Brian Brohm,BUF,106
2010,Chad Henne,MIA,3298
2010,Dennis Dixon,PIT,254
2010,Josh Johnson,TB,111
2010,Matt Flynn,GB,433
2010,Matthew Stafford,DET,535
2010,Chase Daniel,NO,16
2010,Brian Hoyer,NE,122
2010,Mark Sanchez,NYJ,3291
2010,Josh Freeman,TB,3451
2010,Stephen McGee,DAL,238
2010,Max Hall,ARI,370
2010,Jimmy Clausen,CAR,1558
2010,Colt McCoy,CLE,1576
2010,John Skelton,ARI,662
2010,Rusty Smith,TEN,200
2010,Joe Webb,MIN,477
2010,Tony Pike,CAR,47
2010,Levi Brown,BUF,24
2010,Sam Bradford,LA,3512
2010,Tim Tebow,DEN,654
2011,Charlie Batch,PIT,208
2011,Mark Brunell,NYJ,27
2011,Kerry Collins,IND,481
2011,Jake Delhomme,HOU,211
2011,Matt Hasselbeck,TEN,3571
2011,Jon Kitna,DAL,87
2011,Donovan McNabb,MIN,1026
2011,Billy Volek,LAC,0
2011,Tom Brady,NE,5235
2011,Chris Redman,ATL,188
2011,Mike Vick,PHI,3303
2011,A.J. Feeley,LA,548
2011,Drew Brees,NO,5535
2011,Shaun Hill,DET,33
2011,Josh McCown,CHI,414
2011,Carson Palmer,LV,2753
2011,Tony Romo,DAL,4184
2011,Seneca Wallace,CLE,567
2011,Rex Grossman,WAS,3151
2011,Kyle Boller,LV,161
2011,Matt Schaub,HOU,2479
2011,Eli Manning,NYG,4933
2011,Luke McCown,JAX,296
2011,J.P. Losman,MIA,60
2011,Ben Roethlisberger,PIT,4077
2011,Philip Rivers,LAC,4624
2011,Alex Smith,SF,3144
2011,Aaron Rodgers,GB,4636
2011,Jason Campbell,LV,1170
2011,Kyle Orton,KC,1758
2011,Dan Orlovsky,IND,1201
2011,Derek Anderson,CAR,0
2011,Matt Cassel,KC,1713
2011,Ryan Fitzpatrick,BUF,3832
2011,Vince Young,PHI,866
2011,Matt Leinart,HOU,57
2011,Jay Cutler,CHI,2319
2011,Kellen Clemens,LA,546
2011,Tarvaris Jackson,SEA,3091
2011,Charlie Whitehurst,SEA,298
2011,Bruce Gradkowski,CIN,109
2011,Tyler Palko,KC,796
2011,Kevin Kolb,ARI,1955
2011,John Beck,WAS,858
2011,Tyler Thigpen,BUF,25
2011,Matt Moore,MIA,2497
2011,Richard Bartel,ARI,86
2011,Caleb Hanie,CHI,613
2011,Matt Ryan,ATL,4177
2011,Joe Flacco,BAL,3610
2011,Chad Henne,MIA,868
2011,Josh Johnson,TB,246
2011,Matt Flynn,GB,518
2011,Matthew Stafford,DET,5100
2011,Chase Daniel,NO,29
2011,Brian Hoyer,NE,22
2011,Mark Sanchez,NYJ,3474
2011,Josh Freeman,TB,3592
2011,Stephen McGee,DAL,182
2011,Tom Brandstater,LA,0
2011,Curtis Painter,IND,1541
2011,Colt McCoy,CLE,2733
2011,Mike Kafka,PHI,107
2011,John Skelton,ARI,1913
2011,Joe Webb,MIN,376
2011,Sam Bradford,LA,2164
2011,Tim Tebow,DEN,1729
2011,Cam Newton,CAR,4051
2011,Jake Locker,TEN,542
2011,Blaine Gabbert,JAX,2214
2011,Christian Ponder,MIN,1853
2011,Andy Dalton,CIN,3398
2011,Colin Kaepernick,SF,35
2011,T.J. Yates,HOU,949
2011,Tyrod Taylor,BAL,18
2012,Charlie Batch,PIT,475
2012,Matt Hasselbeck,TEN,1367
2012,Peyton Manning,DEN,4659
2012,Tom Brady,NE,4827
2012,Mike Vick,PHI,2362
2012,Drew Brees,NO,5177
2012,David Carr,NYG,19
2012,Shaun Hill,DET,172
2012,Carson Palmer,LV,4018
2012,Tony Romo,DAL,4903
2012,Byron Leftwich,PIT,272
2012,Matt Schaub,HOU,4008
2012,Eli Manning,NYG,3948
2012,Luke McCown,ATL,0
2012,Ben Roethlisberger,PIT,3265
2012,Philip Rivers,LAC,3606
2012,Alex Smith,SF,1737
2012,Aaron Rodgers,GB,4295
2012,Jason Campbell,CHI,265
2012,Kyle Orton,DAL,89
2012,Dan Orlovsky,TB,51
2012,Derek Anderson,CAR,58
2012,Matt Cassel,KC,1796
2012,Ryan Fitzpatrick,BUF,3400
2012,Matt Leinart,LV,115
2012,Jay Cutler,CHI,3033
2012,Kellen Clemens,LA,39
2012,Bruce Gradkowski,CIN,65
2012,Brady Quinn,KC,1141
2012,Kevin Kolb,ARI,1169
2012,Trent Edwards,PHI,14
2012,Tyler Thigpen,BUF,30
2012,Matt Moore,MIA,131
2012,Matt Ryan,ATL,4719
2012,Joe Flacco,BAL,3817
2012,Chad Henne,JAX,2084
2012,Josh Johnson,CLE,0
2012,Matt Flynn,SEA,68
2012,Matthew Stafford,DET,4967
2012,Chase Daniel,NO,10
2012,Brian Hoyer,ARI,330
2012,Mark Sanchez,NYJ,2883
2012,Josh Freeman,TB,4065
2012,Thad Lewis,CLE,204
2012,Graham Harrell,GB,20
2012,Colt McCoy,CLE,79
2012,John Skelton,ARI,1132
2012,Rusty Smith,TEN,34
2012,Joe Webb,MIN,0
2012,Sam Bradford,LA,3702
2012,Tim Tebow,NYJ,39
2012,Cam Newton,CAR,3869
2012,Jake Locker,TEN,2176
2012,Blaine Gabbert,JAX,1662
2012,Christian Ponder,MIN,2935
2012,Andy Dalton,CIN,3669
2012,Colin Kaepernick,SF,1814
2012,Ryan Mallett,NE,17
2012,T.J. Yates,HOU,38
2012,Tyrod Taylor,BAL,179
2012,Greg McElroy,NYJ,214
2012,Russell Wilson,SEA,3118
2012,Ryan Lindley,ARI,752
2012,Nick Foles,PHI,1699
2012,Kirk Cousins,WAS,466
2012,Robert Griffin III,WAS,3200
2012,Andrew Luck,IND,4374
2012,Brandon Weeden,CLE,3385
2012,Brock Osweiler,DEN,12
2012,Ryan Tannehill,MIA,3294
2013,Matt Hasselbeck,IND,130
2013,Peyton Manning,DEN,5477
2013,Tom Brady,NE,4343
2013,Mike Vick,PHI,1215
2013,Drew Brees,NO,5162
2013,Shaun Hill,DET,0
2013,Josh McCown,CHI,1829
2013,Carson Palmer,ARI,4274
2013,Tony Romo,DAL,3828
2013,Seneca Wallace,GB,139
2013,Matt Schaub,HOU,2310
2013,Eli Manning,NYG,3818
2013,Luke McCown,NO,0
2013,Ben Roethlisberger,PIT,4261
2013,Philip Rivers,LAC,4478
2013,Alex Smith,KC,3313
2013,Aaron Rodgers,GB,2536
2013,Jason Campbell,CLE,2015
2013,Kyle Orton,DAL,398
2013,Derek Anderson,CAR,0
2013,Matt Cassel,MIN,1807
2013,Ryan Fitzpatrick,TEN,2454
2013,Jay Cutler,CHI,2621
2013,Kellen Clemens,LA,1673
2013,Tarvaris Jackson,SEA,151
2013,Charlie Whitehurst,LAC,0
2013,Matt Moore,MIA,53
2013,Matt Ryan,ATL,4515
2013,Joe Flacco,BAL,3912
2013,Chad Henne,JAX,3241
2013,Josh Johnson,CIN,0
2013,Matt Flynn,GB,1392
2013,Matthew Stafford,DET,4650
2013,Chase Daniel,KC,248
2013,Brian Hoyer,CLE,615
2013,Josh Freeman,MIN,761
2013,Curtis Painter,NYG,57
2013,Thad Lewis,BUF,1092
2013,Colt McCoy,SF,13
2013,Joe Webb,MIN,0
2013,Sam Bradford,LA,1687
2013,Cam Newton,CAR,3379
2013,Jake Locker,TEN,1256
2013,Blaine Gabbert,JAX,481
2013,Christian Ponder,MIN,1648
2013,Andy Dalton,CIN,4293
2013,Colin Kaepernick,SF,3197
2013,T.J. Yates,HOU,113
2013,Tyrod Taylor,BAL,2
2013,Scott Tolzien,GB,717
2013,Dominique Davis,ATL,34
2013,Case Keenum,HOU,1760
2013,Matt Simms,NYJ,156
2013,Russell Wilson,SEA,3357
2013,Nick Foles,PHI,2891
2013,Kirk Cousins,WAS,854
2013,Robert Griffin III,WAS,3203
2013,Andrew Luck,IND,3822
2013,Brandon Weeden,CLE,1731
2013,Brock Osweiler,DEN,95
2013,Ryan Tannehill,MIA,3913
2013,Jeff Tuel,BUF,309
2013,Matt McGloin,LV,1547
2013,Mike Glennon,TB,2608
2013,EJ Manuel,BUF,1972
2013,Matt Barkley,PHI,300
2013,Geno Smith,NYJ,3046
2014,Matt Hasselbeck,IND,301
2014,Peyton Manning,DEN,4727
2014,Tom Brady,NE,4109
2014,Mike Vick,NYJ,604
2014,Drew Brees,NO,4952
2014,Shaun Hill,LA,1657
2014,Josh McCown,TB,2206
2014,Carson Palmer,ARI,1626
2014,Tony Romo,DAL,3705
2014,Matt Schaub,LV,57
2014,Eli Manning,NYG,4410
2014,Ben Roethlisberger,PIT,4952
2014,Philip Rivers,LAC,4286
2014,Alex Smith,KC,3265
2014,Aaron Rodgers,GB,4381
2014,Jason Campbell,CIN,74
2014,Kyle Orton,BUF,3018
2014,Derek Anderson,CAR,701
2014,Matt Cassel,MIN,425
2014,Ryan Fitzpatrick,HOU,2483
2014,Jay Cutler,CHI,3812
2014,Kellen Clemens,LAC,10
2014,Tarvaris Jackson,SEA,0
2014,Charlie Whitehurst,TEN,1326
2014,Bruce Gradkowski,PIT,0
2014,Drew Stanton,ARI,1711
2014,Jordan Palmer,TEN,7
2014,Matt Moore,MIA,21
2014,Matt Ryan,ATL,4694
2014,Joe Flacco,BAL,3986
2014,Chad Henne,JAX,492
2014,Matt Flynn,GB,66
2014,Matthew Stafford,DET,4257
2014,Chase Daniel,KC,157
2014,Brian Hoyer,CLE,3326
2014,Mark Sanchez,PHI,2418
2014,Jimmy Clausen,CHI,223
2014,Colt McCoy,WAS,1057
2014,Joe Webb,CAR,0
2014,Cam Newton,CAR,3127
2014,Jake Locker,TEN,993
2014,Blaine Gabbert,SF,38
2014,Christian Ponder,MIN,222
2014,Andy Dalton,CIN,3398
2014,Colin Kaepernick,SF,3369
2014,Ryan Mallett,HOU,400
2014,T.J. Yates,ATL,64
2014,Tyrod Taylor,BAL,0
2014,Austin Davis,LA,2001
2014,Case Keenum,HOU,435
2014,Matt Simms,NYJ,39
2014,Russell Wilson,SEA,3475
2014,Ryan Lindley,ARI,562
2014,Nick Foles,PHI,2163
2014,Kirk Cousins,WAS,1710
2014,Robert Griffin III,WAS,1694
2014,Andrew Luck,IND,4761
2014,Brandon Weeden,DAL,303
2014,Brock Osweiler,DEN,52
2014,Ryan Tannehill,MIA,4045
2014,Matt McGloin,LV,129
2014,Mike Glennon,TB,1417
2014,EJ Manuel,BUF,838
2014,Matt Barkley,PHI,0
2014,Geno Smith,NYJ,2525
2014,Ryan Nassib,NYG,60
2014,Connor Shaw,CLE,177
2014,Tom Savage,HOU,127
2014,Teddy Bridgewater,MIN,2919
2014,Zach Mettenberger,TEN,1412
2014,Derek Carr,LV,3270
2014,Jimmy Garoppolo,NE,182
2014,Blake Bortles,JAX,2908
2014,Johnny Manziel,CLE,175
2015,Matt Hasselbeck,IND,1690
2015,Peyton Manning,DEN,2249
2015,Tom Brady,NE,4770
2015,Mike Vick,PIT,371
2015,Drew Brees,NO,4870
2015,Shaun Hill,MIN,15
2015,Josh McCown,CLE,2109
2015,Carson Palmer,ARI,4671
2015,Tony Romo,DAL,884
2015,Matt Schaub,BAL,540
2015,Eli Manning,NYG,4432
2015,Luke McCown,NO,335
2015,Ben Roethlisberger,PIT,3938
2015,Philip Rivers,LAC,4792
2015,Alex Smith,KC,3486
2015,Aaron Rodgers,GB,3821
2015,Dan Orlovsky,DET,201
2015,Derek Anderson,CAR,36
2015,Matt Cassel,DAL,1276
2015,Ryan Fitzpatrick,NYJ,3905
2015,Jay Cutler,CHI,3659
2015,Kellen Clemens,LAC,63
2015,Tarvaris Jackson,SEA,37
2015,Charlie Whitehurst,IND,150
2015,Drew Stanton,ARI,104
2015,Matt Moore,MIA,14
2015,Matt Ryan,ATL,4591
2015,Joe Flacco,BAL,2791
2015,Matthew Stafford,DET,4262
2015,Chase Daniel,KC,4
2015,Brian Hoyer,HOU,2606
2015,Mark Sanchez,PHI,616
2015,Josh Freeman,IND,149
2015,Jimmy Clausen,BAL,739
2015,Colt McCoy,WAS,128
2015,Joe Webb,CAR,0
2015,Sam Bradford,PHI,3725
2015,Cam Newton,CAR,3837
2015,Blaine Gabbert,SF,2031
2015,Andy Dalton,CIN,3250
2015,Colin Kaepernick,SF,1615
2015,Ryan Mallett,BAL,1336
2015,T.J. Yates,HOU,370
2015,Tyrod Taylor,BUF,3035
2015,Scott Tolzien,GB,4
2015,Austin Davis,CLE,547
2015,Case Keenum,LA,828
2015,Kellen Moore,DAL,779
2015,Russell Wilson,SEA,4024
2015,Ryan Lindley,IND,58
2015,Nick Foles,LA,2052
2015,Kirk Cousins,WAS,4166
2015,Alex Tanney,TEN,99
2015,Andrew Luck,IND,1881
2015,Brandon Weeden,HOU,1043
2015,Brock Osweiler,DEN,1967
2015,Ryan Tannehill,MIA,4208
2015,Matt McGloin,LV,142
2015,Landry Jones,PIT,513
2015,EJ Manuel,BUF,561
2015,Geno Smith,NYJ,265
2015,Sean Renfree,ATL,11
2015,Ryan Nassib,NYG,68
2015,Teddy Bridgewater,MIN,3231
2015,Zach Mettenberger,TEN,935
2015,Derek Carr,LV,3987
2015,AJ McCarron,CIN,854
2015,Jimmy Garoppolo,NE,6
2015,Blake Bortles,JAX,4428
2015,Johnny Manziel,CLE,1500
2015,Jameis Winston,TB,4042
2015,Trevor Siemian,DEN,0
2015,Sean Mannion,LA,31
2015,Marcus Mariota,TEN,2818
2016,Tom Brady,NE,3554
2016,Drew Brees,NO,5208
2016,Shaun Hill,MIN,242
2016,Josh McCown,CLE,1100
2016,Carson Palmer,ARI,4233
2016,Tony Romo,DAL,29
2016,Matt Schaub,ATL,16
2016,Eli Manning,NYG,4027
2016,Ben Roethlisberger,PIT,3819
2016,Philip Rivers,LAC,4386
2016,Alex Smith,KC,3502
2016,Aaron Rodgers,GB,4428
2016,Derek Anderson,CAR,453
2016,Matt Cassel,TEN,284
2016,Ryan Fitzpatrick,NYJ,2710
2016,Jay Cutler,CHI,1059
2016,Kellen Clemens,LAC,0
2016,Charlie Whitehurst,CLE,182
2016,Drew Stanton,ARI,192
2016,Matt Moore,MIA,721
2016,Matt Ryan,ATL,4944
2016,Joe Flacco,BAL,4317
2016,Chad Henne,JAX,0
2016,Matthew Stafford,DET,4327
2016,Chase Daniel,PHI,16
2016,Brian Hoyer,CHI,1445
2016,Mark Sanchez,DAL,93
2016,Joe Webb,CAR,0
2016,Sam Bradford,MIN,3877
2016,Cam Newton,CAR,3509
2016,Blaine Gabbert,SF,925
2016,Andy Dalton,CIN,4206
2016,Colin Kaepernick,SF,2241
2016,Ryan Mallett,BAL,26
2016,Tyrod Taylor,BUF,3023
2016,Scott Tolzien,IND,216
2016,Case Keenum,LA,2201
2016,Russell Wilson,SEA,4219
2016,Nick Foles,KC,410
2016,Kirk Cousins,WAS,4917
2016,Robert Griffin III,CLE,886
2016,Andrew Luck,IND,4240
2016,Brock Osweiler,HOU,2957
2016,Ryan Tannehill,MIA,2995
2016,Matt McGloin,LV,50
2016,Mike Glennon,TB,75
2016,Landry Jones,PIT,558
2016,EJ Manuel,BUF,131
2016,Matt Barkley,CHI,1611
2016,Geno Smith,NYJ,126
2016,Tom Savage,HOU,461
2016,David Fales,CHI,22
2016,Derek Carr,LV,3937
2016,Jimmy Garoppolo,NE,502
2016,Blake Bortles,JAX,3905
2016,Jameis Winston,TB,4090
2016,Bryce Petty,NYJ,809
2016,Brett Hundley,GB,17
2016,Trevor Siemian,DEN,3401
2016,Sean Mannion,LA,19
2016,Marcus Mariota,TEN,3426
2016,Trevone Boykin,SEA,145
2016,Kevin Hogan,CLE,104
2016,Connor Cook,LV,150
2016,Carson Wentz,PHI,3782
2016,Dak Prescott,DAL,3667
2016,Cardale Jones,BUF,96
2016,Cody Kessler,CLE,1380
2016,Jared Goff,LA,1089
2016,Paxton Lynch,DEN,497
2016,Jacoby Brissett,NE,400
2017,Tom Brady,NE,4577
2017,Drew Brees,NO,4334
2017,Josh McCown,NYJ,2926
2017,Carson Palmer,ARI,1978
2017,Eli Manning,NYG,3468
2017,Ben Roethlisberger,PIT,4259
2017,Philip Rivers,LAC,4515
2017,Alex Smith,KC,4042
2017,Aaron Rodgers,GB,1675
2017,Derek Anderson,CAR,17
2017,Matt Cassel,TEN,162
2017,Ryan Fitzpatrick,TB,1103
2017,Jay Cutler,MIA,2666
2017,Kellen Clemens,LAC,36
2017,Drew Stanton,ARI,894
2017,Matt Moore,MIA,861
2017,Matt Ryan,ATL,4095
2017,Joe Flacco,BAL,3141
2017,Chad Henne,JAX,0
2017,Matthew Stafford,DET,4446
2017,Chase Daniel,NO,0
2017,Brian Hoyer,NE,1287
2017,Joe Webb,BUF,35
2017,Sam Bradford,MIN,382
2017,Cam Newton,CAR,3302
2017,Blaine Gabbert,ARI,1086
2017,Andy Dalton,CIN,3320
2017,Ryan Mallett,BAL,56
2017,T.J. Yates,HOU,523
2017,Tyrod Taylor,BUF,2799
2017,Scott Tolzien,IND,128
2017,Austin Davis,SEA,0
2017,Case Keenum,MIN,3547
2017,Russell Wilson,SEA,3983
2017,Nick Foles,PHI,537
2017,Kirk Cousins,WAS,4093
2017,Brock Osweiler,DEN,1088
2017,Tyler Bray,KC,0
2017,Mike Glennon,CHI,833
2017,Landry Jones,PIT,239
2017,EJ Manuel,LV,265
2017,Geno Smith,NYG,212
2017,Tom Savage,HOU,1412
2017,David Fales,MIA,265
2017,Teddy Bridgewater,MIN,0
2017,Derek Carr,LV,3496
2017,AJ McCarron,CIN,66
2017,Jimmy Garoppolo,SF,1560
2017,Blake Bortles,JAX,3687
2017,Jameis Winston,TB,3504
2017,Bryce Petty,NYJ,544
2017,Brett Hundley,GB,1836
2017,Taylor Heinicke,HOU,10
2017,Trevor Siemian,DEN,2285
2017,Sean Mannion,LA,185
2017,Marcus Mariota,TEN,3232
2017,Jake Rudock,DET,24
2017,Joe Callahan,GB,11
2017,Kevin Hogan,CLE,517
2017,Nate Sudfeld,PHI,134
2017,Carson Wentz,PHI,3296
2017,Dak Prescott,DAL,3324
2017,Cody Kessler,CLE,126
2017,Jared Goff,LA,3804
2017,Paxton Lynch,DEN,295
2017,Jacoby Brissett,IND,3098
2017,Deshaun Watson,HOU,1699
2017,Cooper Rush,DAL,2
2017,Mitchell Trubisky,CHI,2193
2017,Patrick Mahomes,KC,284
2017,DeShone Kizer,CLE,2894
2017,C.J. Beathard,SF,1430
2017,Nathan Peterman,BUF,231
2018,Tom Brady,NE,4355
2018,Drew Brees,NO,3992
2018,Josh McCown,NYJ,539
2018,Matt Schaub,ATL,20
2018,Eli Manning,NYG,4299
2018,Ben Roethlisberger,PIT,5129
2018,Philip Rivers,LAC,4308
2018,Alex Smith,WAS,2180
2018,Aaron Rodgers,GB,4442
2018,Derek Anderson,BUF,465
2018,Matt Cassel,DET,59
2018,Ryan Fitzpatrick,TB,2366
2018,Matt Ryan,ATL,4924
2018,Joe Flacco,BAL,2465
2018,Chad Henne,KC,29
2018,Josh Johnson,WAS,590
2018,Matthew Stafford,DET,3777
2018,Chase Daniel,CHI,515
2018,Brian Hoyer,NE,7
2018,Mark Sanchez,WAS,138
2018,Colt McCoy,WAS,372
2018,Joe Webb,HOU,0
2018,Sam Bradford,ARI,400
2018,Cam Newton,CAR,3395
2018,Blaine Gabbert,TEN,626
2018,Andy Dalton,CIN,2566
2018,Tyrod Taylor,CLE,473
2018,Case Keenum,DEN,3890
2018,Russell Wilson,SEA,3448
2018,Nick Foles,PHI,1413
2018,Kirk Cousins,MIN,4298
2018,Robert Griffin III,BAL,21
2018,Andrew Luck,IND,4593
2018,Brandon Weeden,HOU,0
2018,Brock Osweiler,MIA,1247
2018,Ryan Tannehill,MIA,1979
2018,Mike Glennon,ARI,174
2018,Matt Barkley,BUF,232
2018,Geno Smith,LAC,8
2018,Teddy Bridgewater,NO,118
2018,Derek Carr,LV,4049
2018,AJ McCarron,LV,8
2018,Jimmy Garoppolo,SF,718
2018,Garrett Gilbert,CAR,40
2018,Blake Bortles,JAX,2718
2018,Jameis Winston,TB,2992
2018,Taylor Heinicke,CAR,320
2018,Sean Mannion,LA,23
2018,Marcus Mariota,TEN,2528
2018,Jeff Driskel,CIN,1003
2018,Nate Sudfeld,PHI,22
2018,Carson Wentz,PHI,3074
2018,Dak Prescott,DAL,3885
2018,Cody Kessler,JAX,709
2018,Jared Goff,LA,4688
2018,Jacoby Brissett,IND,2
2018,Nick Mullens,SF,2277
2018,Deshaun Watson,HOU,4165
2018,Chad Kelly,DEN,0
2018,Mitchell Trubisky,CHI,3223
2018,Patrick Mahomes,KC,5097
2018,DeShone Kizer,GB,187
2018,C.J. Beathard,SF,1252
2018,Joshua Dobbs,PIT,43
2018,Nathan Peterman,BUF,296
2018,Josh Rosen,ARI,2278
2018,Kyle Lauletta,NYG,0
2018,Kyle Allen,CAR,266
2018,Lamar Jackson,BAL,1201
2018,Baker Mayfield,CLE,3725
2018,Josh Allen,BUF,2044
2018,Sam Darnold,NYJ,2865
2019,Tom Brady,NE,4057
2019,Drew Brees,NO,2979
2019,Josh McCown,PHI,24
2019,Matt Schaub,ATL,580
2019,Eli Manning,NYG,1042
2019,Ben Roethlisberger,PIT,351
2019,Philip Rivers,LAC,4615
2019,Aaron Rodgers,GB,4002
2019,Ryan Fitzpatrick,MIA,3529
2019,Matt Moore,KC,659
2019,Matt Ryan,ATL,4466
2019,Joe Flacco,DEN,1822
2019,Matthew Stafford,DET,2499
2019,Chase Daniel,CHI,435
2019,Brian Hoyer,IND,372
2019,Colt McCoy,WAS,122
2019,Cam Newton,CAR,572
2019,Andy Dalton,CIN,3494
2019,Tyrod Taylor,LAC,33
2019,Case Keenum,WAS,1707
2019,Russell Wilson,SEA,4110
2019,Nick Foles,JAX,736
2019,Kirk Cousins,MIN,3603
2019,Alex Tanney,NYG,1
2019,Robert Griffin III,BAL,225
2019,Ryan Tannehill,TEN,2742
2019,Ryan Griffin,TB,18
2019,Mike Glennon,LV,56
2019,Matt Barkley,BUF,359
2019,David Fales,NYJ,0
2019,Teddy Bridgewater,NO,1384
2019,Derek Carr,LV,4054
2019,AJ McCarron,HOU,225
2019,Jimmy Garoppolo,SF,3978
2019,Garrett Gilbert,CLE,0
2019,Blake Bortles,LA,3
2019,Jameis Winston,TB,5109
2019,Brett Hundley,ARI,49
2019,Trevor Siemian,NYJ,3
2019,Sean Mannion,MIN,126
2019,Marcus Mariota,TEN,1203
2019,Brandon Allen,DEN,515
2019,Jeff Driskel,DET,685
2019,Carson Wentz,PHI,4039
2019,Dak Prescott,DAL,4902
2019,Jared Goff,LA,4638
2019,Jacoby Brissett,IND,2942
2019,Nick Mullens,SF,0
2019,Deshaun Watson,HOU,3852
2019,Mitchell Trubisky,CHI,3138
2019,Patrick Mahomes,KC,4031
2019,Tim Boyle,GB,15
2019,Josh Rosen,MIA,567
2019,Luke Falk,NYJ,416
2019,Kyle Allen,CAR,3322
2019,Mason Rudolph,PIT,1765
2019,Lamar Jackson,BAL,3127
2019,Baker Mayfield,CLE,3827
2019,Josh Allen,BUF,3089
2019,Sam Darnold,NYJ,3024
2019,David Blough,DET,984
2019,Trace McSorley,BAL,0
2019,Kyler Murray,ARI,3722
2019,Dwayne Haskins,WAS,1365
2019,Will Grier,CAR,228
2019,Jarrett Stidham,NE,14
2019,Gardner Minshew,JAX,3271
2019,Devlin Hodges,PIT,1063
2019,Ryan Finley,CIN,474
2019,Drew Lock,DEN,1020
2019,Daniel Jones,NYG,3027
2020,Tom Brady,TB,4633
2020,Drew Brees,NO,2942
2020,Matt Schaub,ATL,0
2020,Ben Roethlisberger,PIT,3803
2020,Philip Rivers,IND,4169
2020,Alex Smith,WAS,1582
2020,Aaron Rodgers,GB,4299
2020,Ryan Fitzpatrick,MIA,2091
2020,Matt Ryan,ATL,4581
2020,Joe Flacco,NYJ,864
2020,Chad Henne,KC,248
2020,Matthew Stafford,DET,4084
2020,Chase Daniel,DET,264
2020,Brian Hoyer,NE,130
2020,Colt McCoy,NYG,375
2020,Joe Webb,NYG,0
2020,Cam Newton,NE,2657
2020,Blaine Gabbert,TB,143
2020,Andy Dalton,DAL,2170
2020,Tyrod Taylor,LAC,208
2020,Case Keenum,CLE,46
2020,Russell Wilson,SEA,4212
2020,Nick Foles,CHI,1852
2020,Kirk Cousins,MIN,4265
2020,Robert Griffin III,BAL,42
2020,Ryan Tannehill,TEN,3819
2020,Tyler Bray,CHI,18
2020,Mike Glennon,JAX,1072
2020,Matt Barkley,BUF,197
2020,Geno Smith,SEA,33
2020,Teddy Bridgewater,CAR,3733
2020,Derek Carr,LV,4103
2020,AJ McCarron,HOU,20
2020,Jimmy Garoppolo,SF,1096
2020,Garrett Gilbert,DAL,243
2020,Jameis Winston,NO,75
2020,Taylor Heinicke,WAS,137
2020,Marcus Mariota,LV,226
2020,Brandon Allen,CIN,925
2020,Jeff Driskel,DEN,432
2020,Nate Sudfeld,PHI,32
2020,Carson Wentz,PHI,2620
2020,Dak Prescott,DAL,1856
2020,Jared Goff,LA,3952
2020,Jacoby Brissett,IND,17
2020,PJ Walker,CAR,368
2020,Nick Mullens,SF,2437
2020,Deshaun Watson,HOU,4823
2020,Mitchell Trubisky,CHI,2055
2020,Patrick Mahomes,KC,4740
2020,C.J. Beathard,SF,787
2020,Joshua Dobbs,PIT,2
2020,Nathan Peterman,LV,25
2020,Tim Boyle,GB,0
2020,Logan Woodside,TEN,7
2020,Kyle Allen,WAS,610
2020,Mason Rudolph,PIT,324
2020,Lamar Jackson,BAL,2757
2020,Baker Mayfield,CLE,3563
2020,Josh Allen,BUF,4544
2020,Sam Darnold,NYJ,2208
2020,John Wolford,LA,231
2020,Brett Rypien,DEN,295
2020,David Blough,DET,49
2020,Trace McSorley,BAL,90
2020,Kyler Murray,ARI,3971
2020,Dwayne Haskins,WAS,1439
2020,Jarrett Stidham,NE,256
2020,Easton Stick,LAC,4
2020,Gardner Minshew,JAX,2259
2020,Ryan Finley,CIN,164
2020,Drew Lock,DEN,2933
2020,Daniel Jones,NYG,2943
2020,Chris Streveler,ARI,105
2020,Tyler Huntley,BAL,15
2020,Tua Tagovailoa,MIA,1814
2020,Jake Luton,JAX,624
2020,Justin Herbert,LAC,4336
2020,Ben DiNucci,DAL,219
2020,Jalen Hurts,PHI,1061
2020,Tommy Stevens,CAR,0
2020,Joe Burrow,CIN,2688
2021,Tom Brady,TB,5316
2021,Ben Roethlisberger,PIT,3740
2021,Aaron Rodgers,GB,4115
2021,Ryan Fitzpatrick,WAS,13
2021,Matt Ryan,ATL,3968
2021,Joe Flacco,NYJ,338
2021,Chad Henne,KC,82
2021,Josh Johnson,BAL,638
2021,Matthew Stafford,LA,4886
2021,Chase Daniel,LAC,0
2021,Brian Hoyer,NE,227
2021,Colt McCoy,ARI,740
2021,Cam Newton,CAR,684
2021,Blaine Gabbert,TB,67
2021,Andy Dalton,CHI,1515
2021,Tyrod Taylor,HOU,966
2021,Case Keenum,CLE,462
2021,Russell Wilson,SEA,3113
2021,Nick Foles,CHI,250
2021,Kirk Cousins,MIN,4221
2021,Ryan Tannehill,TEN,3734
2021,Mike Glennon,NYG,790
2021,Geno Smith,SEA,702
2021,Teddy Bridgewater,DEN,3052
2021,Derek Carr,LV,4804
2021,Jimmy Garoppolo,SF,3810
2021,Garrett Gilbert,WAS,194
2021,Jameis Winston,NO,1170
2021,Taylor Heinicke,WAS,3419
2021,Trevor Siemian,NO,1154
2021,Sean Mannion,MIN,189
2021,Marcus Mariota,LV,4
2021,Brandon Allen,CIN,149
2021,Carson Wentz,IND,3563
2021,Dak Prescott,DAL,4449
2021,Jared Goff,DET,3245
2021,Jacoby Brissett,MIA,1283
2021,PJ Walker,CAR,362
2021,Nick Mullens,CLE,147
2021,Davis Webb,BUF,0
2021,Cooper Rush,DAL,422
2021,Mitchell Trubisky,BUF,43
2021,Patrick Mahomes,KC,4839
2021,C.J. Beathard,JAX,33
2021,Nathan Peterman,LV,0
2021,Kurt Benkert,GB,0
2021,Tim Boyle,DET,526
2021,Josh Rosen,ATL,19
2021,Mike White,NYJ,953
2021,Logan Woodside,TEN,0
2021,Kyle Allen,WAS,120
2021,Mason Rudolph,PIT,277
2021,Lamar Jackson,BAL,2882
2021,Baker Mayfield,CLE,3010
2021,Josh Allen,BUF,4407
2021,Sam Darnold,CAR,2527
2021,John Wolford,LA,5
2021,Brett Rypien,DEN,0
2021,David Blough,DET,0
2021,Kyler Murray,ARI,3787
2021,Gardner Minshew,PHI,439
2021,Drew Lock,DEN,787
2021,Daniel Jones,NYG,2428
2021,Chris Streveler,ARI,36
2021,Tyler Huntley,BAL,1081
2021,Jake Fromm,NYG,210
2021,Tua Tagovailoa,MIA,2653
2021,Jacob Eason,IND,25
2021,Jordan Love,GB,411
2021,Justin Herbert,LAC,5014
2021,Jalen Hurts,PHI,3144
2021,Joe Burrow,CIN,4611
2021,Sam Ehlinger,IND,0
2021,Davis Mills,HOU,2664
2021,Ian Book,NO,135
2021,Justin Fields,CHI,1870
2021,Kellen Mond,MIN,5
2021,Trevor Lawrence,JAX,3641
2021,Mac Jones,NE,3801
2021,Trey Lance,SF,603
2021,Zach Wilson,NYJ,2334
2022,Tom Brady,TB,4694
2022,Aaron Rodgers,GB,3695
2022,Matt Ryan,IND,3057
2022,Joe Flacco,NYJ,1051
2022,Chad Henne,KC,0
2022,Josh Johnson,SF,10
2022,Matthew Stafford,LA,2087
2022,Chase Daniel,LAC,52
2022,Brian Hoyer,NE,37
2022,Colt McCoy,ARI,780
2022,Blaine Gabbert,TB,29
2022,Andy Dalton,NO,2871
2022,Tyrod Taylor,NYG,58
2022,Case Keenum,BUF,8
2022,Russell Wilson,DEN,3524
2022,Nick Foles,IND,225
2022,Kirk Cousins,MIN,4547
2022,Ryan Tannehill,TEN,2536
2022,Geno Smith,SEA,4282
2022,Teddy Bridgewater,MIA,683
2022,Derek Carr,LV,3522
2022,Jimmy Garoppolo,SF,2437
2022,Jameis Winston,NO,858
2022,Taylor Heinicke,WAS,1859
2022,Trevor Siemian,CHI,184
2022,Marcus Mariota,ATL,2219
2022,Brandon Allen,CIN,22
2022,Jeff Driskel,HOU,108
2022,Nate Sudfeld,DET,0
2022,Carson Wentz,WAS,1755
2022,Dak Prescott,DAL,2860
2022,Jared Goff,DET,4438
2022,Jacoby Brissett,CLE,2608
2022,PJ Walker,CAR,731
2022,Nick Mullens,MIN,224
2022,Deshaun Watson,CLE,1102
2022,Davis Webb,NYG,168
2022,Cooper Rush,DAL,1051
2022,Mitchell Trubisky,PIT,1252
2022,Patrick Mahomes,KC,5250
2022,C.J. Beathard,JAX,35
2022,Joshua Dobbs,TEN,411
2022,Nathan Peterman,CHI,139
2022,Tim Boyle,CHI,33
2022,Mike White,NYJ,1192
2022,Kyle Allen,HOU,416
2022,Lamar Jackson,BAL,2242
2022,Baker Mayfield,LA,2163
2022,Josh Allen,BUF,4283
2022,Sam Darnold,CAR,1143
2022,John Wolford,LA,390
2022,Brett Rypien,DEN,483
2022,David Blough,ARI,402
2022,Trace McSorley,ARI,412
2022,Kyler Murray,ARI,2368
2022,Jarrett Stidham,LV,656
2022,Gardner Minshew,PHI,663
2022,Daniel Jones,NYG,3205
2022,Chris Streveler,NYJ,90
2022,Bryce Perkins,LA,161
2022,Tyler Huntley,BAL,658
2022,Tua Tagovailoa,MIA,3548
2022,Jacob Eason,CAR,59
2022,Jordan Love,GB,195
2022,Justin Herbert,LAC,4739
2022,Jalen Hurts,PHI,3701
2022,Joe Burrow,CIN,4475
2022,Sam Ehlinger,IND,573
2022,Davis Mills,HOU,3118
2022,Kyle Trask,TB,23
2022,Justin Fields,CHI,2242
2022,Trevor Lawrence,JAX,4113
2022,Mac Jones,NE,2997
2022,Trey Lance,SF,194
2022,Zach Wilson,NYJ,1688
2022,Sam Howell,WAS,169
2022,Anthony Brown,BAL,302
2022,Skylar Thompson,MIA,534
2022,Brock Purdy,SF,1374
2022,Kenny Pickett,PIT,2404
2022,Bailey Zappe,NE,781
2022,Desmond Ridder,ATL,708
2022,Malik Willis,TEN,276
2023,Aaron Rodgers,NYJ,0
2023,Joe Flacco,CLE,1616
2023,Matthew Stafford,LA,3965
2023,Brian Hoyer,LV,231
2023,Blaine Gabbert,KC,185
2023,Andy Dalton,CAR,361
2023,Tyrod Taylor,NYG,1341
2023,Case Keenum,HOU,291
2023,Russell Wilson,DEN,3070
2023,Kirk Cousins,MIN,2331
2023,Ryan Tannehill,TEN,1616
2023,Matt Barkley,JAX,0
2023,Geno Smith,SEA,3624
2023,Teddy Bridgewater,DET,0
2023,Derek Carr,NO,3878
2023,AJ McCarron,CIN,19
2023,Jimmy Garoppolo,LV,1205
2023,Jameis Winston,NO,264
2023,Taylor Heinicke,ATL,890
2023,Trevor Siemian,NYJ,724
2023,Marcus Mariota,PHI,164
2023,Jeff Driskel,CLE,166
2023,Carson Wentz,LA,163
2023,Dak Prescott,DAL,4516
2023,Jared Goff,DET,4575
2023,Jacoby Brissett,WAS,224
2023,PJ Walker,CLE,674
2023,Nick Mullens,MIN,1306
2023,Deshaun Watson,CLE,1115
2023,Cooper Rush,DAL,144
2023,Mitchell Trubisky,PIT,632
2023,Patrick Mahomes,KC,4183
2023,C.J. Beathard,JAX,349
2023,Joshua Dobbs,MIN,2464
2023,Nathan Peterman,CHI,0
2023,Tim Boyle,NYJ,360
2023,Mike White,MIA,74
2023,Logan Woodside,ATL,27
2023,Kyle Allen,BUF,0
2023,Mason Rudolph,PIT,719
2023,Lamar Jackson,BAL,3678
2023,Baker Mayfield,TB,4044
2023,Josh Allen,BUF,4306
2023,Sam Darnold,SF,297
2023,Brett Rypien,LA,172
2023,Jake Browning,CIN,1936
2023,Kyler Murray,ARI,1799
2023,Jarrett Stidham,DEN,496
2023,Easton Stick,LAC,1129
2023,Gardner Minshew,IND,3305
2023,Drew Lock,SEA,543
2023,Daniel Jones,NYG,909
2023,Tyler Huntley,BAL,203
2023,Tua Tagovailoa,MIA,4624
2023,Jordan Love,GB,4159
2023,Justin Herbert,LAC,3134
2023,Jalen Hurts,PHI,3858
2023,Joe Burrow,CIN,2309
2023,Davis Mills,HOU,173
2023,Kyle Trask,TB,0
2023,Justin Fields,CHI,2562
2023,Trevor Lawrence,JAX,4016
2023,Mac Jones,NE,2120
2023,Zach Wilson,NYJ,2271
2023,Sam Howell,WAS,3946
2023,Brock Purdy,SF,4280
2023,Kenny Pickett,PIT,2070
2023,Bailey Zappe,NE,1272
2023,Desmond Ridder,ATL,2836
2023,Malik Willis,TEN,74
2023,Sean Clifford,GB,37
2023,Tyson Bagent,CHI,859
2023,Tommy DeVito,NYG,1101
2023,Aidan O'Connell,LV,2218
2023,Clayton Tune,ARI,62
2023,Dorian Thompson-Robinson,CLE,440
2023,Jaren Hall,MIN,168
2023,Bryce Young,CAR,2877
2023,Will Levis,TEN,1808
2023,C.J. Stroud,HOU,4108
2023,Anthony Richardson,IND,577
2024,Aaron Rodgers,NYJ,3897
2024,Joe Flacco,IND,1761
2024,Josh Johnson,BAL,17
2024,Matthew Stafford,LA,3762
2024,Andy Dalton,CAR,989
2024,Tyrod Taylor,NYJ,119
2024,Russell Wilson,PIT,2482
2024,Kirk Cousins,ATL,3508
2024,Geno Smith,SEA,4320
2024,Derek Carr,NO,2145
2024,Jimmy Garoppolo,LA,334
2024,Jameis Winston,CLE,2121
2024,Taylor Heinicke,LAC,28
2024,Marcus Mariota,WAS,364
2024,Brandon Allen,SF,199
2024,Carson Wentz,KC,118
2024,Dak Prescott,DAL,1978
2024,Jared Goff,DET,4629
2024,Jacoby Brissett,NE,826
2024,Nick Mullens,MIN,38
2024,Deshaun Watson,CLE,1148
2024,Cooper Rush,DAL,1844
2024,Mitchell Trubisky,BUF,179
2024,Patrick Mahomes,KC,3928
2024,Joshua Dobbs,SF,361
2024,Tim Boyle,NYG,276
2024,Mike White,BUF,28
2024,Kyle Allen,PIT,19
2024,Mason Rudolph,TEN,1530
2024,Lamar Jackson,BAL,4172
2024,Baker Mayfield,TB,4500
2024,Josh Allen,BUF,3731
2024,Sam Darnold,MIN,4319
2024,Jake Browning,CIN,0
2024,Kyler Murray,ARI,3851
2024,Jarrett Stidham,DEN,0
2024,Gardner Minshew,LV,2013
2024,Drew Lock,NYG,1071
2024,Daniel Jones,NYG,2070
2024,Tyler Huntley,MIA,829
2024,Tua Tagovailoa,MIA,2867
2024,Jordan Love,GB,3389
2024,Justin Herbert,LAC,3870
2024,Jalen Hurts,PHI,2903
2024,Joe Burrow,CIN,4918
2024,Davis Mills,HOU,212
2024,Kyle Trask,TB,5
2024,Justin Fields,PIT,1106
2024,Trevor Lawrence,JAX,2045
2024,Mac Jones,JAX,1672
2024,Trey Lance,DAL,266
2024,Sam Howell,SEA,24
2024,Chris Oladokun,KC,0
2024,Skylar Thompson,MIA,187
2024,Brock Purdy,SF,3864
2024,Kenny Pickett,PHI,291
2024,Bailey Zappe,CLE,170
2024,Desmond Ridder,LV,458
2024,Malik Willis,GB,550
2024,Tanner McKee,PHI,323
2024,Tyson Bagent,CHI,11
2024,Tommy DeVito,NYG,257
2024,Hendon Hooker,DET,62
2024,Aidan O'Connell,LV,1612
2024,Clayton Tune,ARI,8
2024,Dorian Thompson-Robinson,CLE,440
2024,Jake Haener,NO,226
2024,Bryce Young,CAR,2403
2024,Will Levis,TEN,2091
2024,C.J. Stroud,HOU,3727
2024,Anthony Richardson,IND,1814
2024,Spencer Rattler,NO,1317
2024,Joe Milton III,NE,241
2024,Bo Nix,DEN,3775
2024,Drake Maye,NE,2276
2024,Jayden Daniels,WAS,3568
2024,Michael Penix Jr.,ATL,775
2024,Caleb Williams,CHI,3541
